,AAPL,GOOGL,MSFT
2020-01-01,141.1196823639893,159.07631931299576,121.3246588108871
2020-01-02,140.4496154027898,156.62302564685763,123.69106107083174
2020-01-03,139.28646611611978,154.49601865372026,122.86206767461945
2020-01-04,136.79869487059162,153.19846984811045,121.61730052820099
2020-01-05,130.88602567823037,151.59147254711132,120.05347792422488
2020-01-06,132.9155875699645,149.7415795209939,116.2806147112866
2020-01-07,134.14773148836147,144.78417567070116,116.14914403331667
2020-01-08,129.8374086786668,145.02002496684764,118.73094676873127
2020-01-09,129.03165023392307,145.8289494460044,118.74282017787966
2020-01-10,127.23436847855223,142.29781441198725,115.04757977500051
2020-01-11,125.54987055466216,144.94742676026917,116.38921144612772
2020-01-12,121.32825737813634,148.6398592951513,113.6250485681201
2020-01-13,120.50293664120228,147.69697161238042,111.84597136286935
2020-01-14,121.70602548009589,149.97775124142802,111.36834702005486
2020-01-15,127.12059911205645,148.70440275407273,111.52878984720554
2020-01-16,128.23523270999993,149.33635408650449,109.91699340242828
2020-01-17,128.0419480356127,147.08510483042582,109.02009144370157
2020-01-18,127.0548741409877,151.7173283786183,110.42738868476522
2020-01-19,126.01693494149315,151.4029625065629,112.21299023152355
2020-01-20,128.40422835261555,152.0155003956541,114.81790491979797
2020-01-21,128.3618882265538,149.76158260347447,117.85276396084124
2020-01-22,126.73035683221504,153.29754990547374,119.2113049673159
2020-01-23,124.24479573287948,156.91728462717572,118.52765941879858
2020-01-24,123.99325466322453,160.5247144430498,120.29757738506602
2020-01-25,123.09467727156947,162.90149327682556,121.44870730888748
2020-01-26,123.6919249349815,162.3026295955763,123.06058753293156
2020-01-27,123.0770819067891,163.943661507028,123.2908472070322
2020-01-28,123.7774528955112,163.7300971050903,121.33224789640923
2020-01-29,121.59387463827638,167.28699330306574,119.77718887436099
2020-01-30,124.0654169679255,170.03900763613368,119.74672081718256
2020-01-31,130.6729531140666,169.24100434349396,120.54826447196142
2020-02-01,133.55920107792946,171.62928367459483,119.37131346084641
2020-02-02,133.66033122703791,172.68018859536136,119.84154171406901
2020-02-03,135.231557325177,165.65336847602003,123.57400752321465
2020-02-04,132.33465363766334,166.74197655375892,119.57051077575956
2020-02-05,129.09911564577015,166.14553046386683,121.00812129059028
2020-02-06,131.3497367016222,164.79749803690171,121.36286092470138
2020-02-07,130.92708209245353,163.88174366311483,122.99028918535289
2020-02-08,128.31719180793854,164.04224946643689,122.49097580279762
2020-02-09,126.89260833872304,165.73472781716686,122.68006726831807
2020-02-10,124.28362570790222,162.4475977441995,122.78210644151623
2020-02-11,124.19724636220542,162.34995958060347,121.80537437074206
2020-02-12,125.82180477050686,164.08746143052235,119.17181096483436
2020-02-13,127.97492602545702,168.5431877276144,118.9182762975113
2020-02-14,130.0605164545036,166.19828848137396,116.28031938913445
2020-02-15,131.97283812009744,165.65141044769393,117.71916705893348
2020-02-16,131.69120071152722,166.44925241274535,114.3403199298888
2020-02-17,130.85244664700113,169.7528113239243,116.77617581488242
2020-02-18,128.0664587508713,169.76065595005394,118.10721503538632
2020-02-19,130.7819087725147,172.87332584811483,119.19487270380628
2020-02-20,130.77391873086393,168.8707201941605,115.39573922350114
2020-02-21,130.11457743276296,166.3283401671184,115.0053170369165
2020-02-22,132.66393839416585,166.93542314822284,117.09302549821471
2020-02-23,130.9897749985039,164.19289175652514,116.41985117658491
2020-02-24,132.39799204680395,160.95389172402514,113.9454516802444
2020-02-25,133.554865008214,160.35884351192732,113.17356095105558
2020-02-26,130.77196742311088,161.51944578583976,112.69194693666712
2020-02-27,130.77328374002568,157.59687303297753,111.27705747371554
2020-02-28,132.71067153688503,157.60735391179037,113.31818634587015
2020-02-29,134.8220673520734,160.14136264267148,113.43686631783349
2020-03-01,138.3864252629932,159.74726228434739,112.44757013219498
2020-03-02,138.5957248869851,158.23018865356082,109.58640528151028
2020-03-03,147.11944825623291,159.34111514488401,110.64739997277898
2020-03-04,144.61855771770416,158.6950605997629,111.34554182804665
2020-03-05,144.07771763532847,162.18621191202305,110.25296470445227
2020-03-06,143.99322452384473,159.80274420905303,106.33396601804336
2020-03-07,140.75500085728032,159.9258924394098,107.22602162388308
2020-03-08,142.9642460684369,159.95967640834485,106.6380384648606
2020-03-09,145.0182725947066,158.90225952689406,107.08624008512435
2020-03-10,144.93245961805852,152.64995659163557,110.47812424808005
2020-03-11,144.04370352587972,152.7525776736263,110.76282912409901
2020-03-12,141.17376226405813,155.44440681392373,110.44060967131354
2020-03-13,138.9917863761427,156.76524300475623,108.16542452618225
2020-03-14,141.29556143258148,158.07387131903374,108.01062162015303
2020-03-15,139.92522806656223,154.74996805044754,107.64051421637939
2020-03-16,138.46323287595914,155.07308935800773,107.3970681348399
2020-03-17,139.328883875421,153.46797124443233,110.21360633298083
2020-03-18,141.6335168402495,153.62787535349796,110.72104074653807
2020-03-19,141.6537721778695,153.19572175701722,110.00008945995602
2020-03-20,142.66318010408713,151.41066380273088,108.91878278982048
2020-03-21,146.0466199031432,149.53201479195212,109.37466733392174
2020-03-22,146.72170714595552,150.467890282854,107.93381138772736
2020-03-23,146.31342083167263,150.3712512829425,108.52424937683561
2020-03-24,148.20246855810367,148.8272289465332,109.52979091068642
2020-03-25,147.90923554694933,147.30923010962883,109.40689690264628
2020-03-26,147.0122004184274,146.71380265726543,108.30835112359794
2020-03-27,149.8155818679322,149.39228237114668,104.1597430819382
2020-03-28,149.60827365233752,148.84515885741214,106.50829755256044
2020-03-29,142.72660919842934,148.59628135771808,107.07411756497476
2020-03-30,143.24284777127403,148.4269948799422,107.57461865936334
2020-03-31,142.25968952669794,146.12696567868477,104.84680651194783
2020-04-01,141.22867793304144,142.31056388974514,107.00510995756126
2020-04-02,142.2220427862534,140.20193731437706,106.10596346053256
2020-04-03,142.02777001562725,140.85810479902244,105.76173986136044
2020-04-04,142.76768262523274,141.2127680769078,104.08179400827146
2020-04-05,137.56274723544556,142.22672465096852,100.84327072405642
2020-04-06,135.20871123356721,142.24633108236415,102.67223867217756
2020-04-07,139.0144948460933,142.533890647137,105.23745235471632
2020-04-08,139.24064729849056,141.62206692448487,105.15600659910929
2020-04-09,136.21621135235438,144.25639452109107,104.69296336633435
2020-04-10,134.26833351362512,143.01814483762968,104.46528725974578
2020-04-11,132.51543919227026,141.4087034917553,104.27356878997277
2020-04-12,132.2579788337536,141.95390708314662,101.8550568754841
2020-04-13,131.6400213914441,139.7719121461526,101.64715252981208
2020-04-14,130.19357655961912,144.45093301391805,101.9317921098412
2020-04-15,130.04669580249742,144.41050224363065,103.52439245764738
2020-04-16,131.24583219421163,145.2087147763553,103.64699069784672
2020-04-17,131.09393277006242,144.07590492599596,101.34316178704033
2020-04-18,130.05999693445665,143.71778757816384,102.12974940069817
2020-04-19,128.8362026733099,142.54927820177855,101.47863279606233
2020-04-20,129.93807055066472,141.8620608277876,104.0554821508952
2020-04-21,129.73239868887723,142.8563785686796,106.37002039488081
2020-04-22,131.6012992017919,142.12020019148272,109.07113560443335
2020-04-23,128.96198304243222,144.0096535780822,108.02109096563493
2020-04-24,127.22608536439802,149.26193351726852,111.58005890862266
2020-04-25,129.2816079052471,149.04960269517517,112.5301522607031
2020-04-26,127.16468601131992,148.93581012427046,115.2697487418298
2020-04-27,131.03155394141783,150.6172983674938,115.04805573144141
2020-04-28,133.5844685094511,153.59013185409208,113.90914083737238
2020-04-29,136.64706597163362,153.18627407648765,114.26862024048445
2020-04-30,134.80495868408852,151.68459264706698,114.73142024800819
2020-05-01,135.28146195822154,149.40660228374003,117.36822595890374
2020-05-02,134.15804372962592,149.28660966743442,116.9395056565536
2020-05-03,136.34570273607278,148.3969583918265,119.22557056506099
2020-05-04,140.6417370666668,152.73018345810857,120.86539830304532
2020-05-05,142.73992947562047,156.38472019376562,120.41353978389769
2020-05-06,143.42422199201386,154.90081288214296,122.26983095492461
2020-05-07,142.95106495231386,153.8466023916591,121.68740836708182
2020-05-08,144.99726048547302,154.44766443943735,126.8400221647147
2020-05-09,141.6222056251561,157.00382544148616,121.1083709142875
2020-05-10,142.96706361332184,157.13294565063418,122.47701339205005
2020-05-11,140.66957124287993,155.66058730391134,118.92919557387853
2020-05-12,141.82051733863028,155.1109975548959,118.18440745626171
2020-05-13,141.64612302486526,154.0041801579836,118.19915565229869
2020-05-14,140.53862952507325,155.0654597252947,121.01889878395482
2020-05-15,138.7526921948064,153.92815997364823,119.945541565279
2020-05-16,137.52096431061182,152.41422518881828,122.21365230393116
2020-05-17,139.61613301763288,155.66878016117232,120.5595044332525
2020-05-18,141.83650216697828,153.67816247266924,122.9801855101551
2020-05-19,143.28612174257202,150.83344447478126,122.16345758040717
2020-05-20,147.0965964299858,151.42963756542582,122.65538172681876
2020-05-21,153.4854685827171,150.4739053039274,121.82570734155168
2020-05-22,153.0929959937236,151.95081898191128,124.77973914445667
2020-05-23,152.05672886252788,152.09068314485614,126.62024976473084
2020-05-24,149.0648137351182,152.73076363045843,128.15232186023846
2020-05-25,152.22687311286683,152.65427857829553,125.81787892422382
2020-05-26,155.46817021848736,150.90629064187252,124.18282755248886
2020-05-27,153.09571537164194,150.98493078041074,122.05050464731985
2020-05-28,155.17397125770395,153.2130149784512,117.98507398574579
2020-05-29,158.25881550082659,150.97530204945937,120.2958101722068
2020-05-30,158.59316746013644,150.66796566506648,119.43437881042776
2020-05-31,160.89113100837977,152.75139485477197,118.74745852634413
2020-06-01,160.88161712425608,153.30814771824856,121.32952415367699
2020-06-02,158.49813934894743,156.94096215339906,121.10334933470287
2020-06-03,161.19092554757157,155.51245685071467,119.29457964293512
2020-06-04,165.38662655396394,152.12470688932405,119.20678895690837
2020-06-05,167.67097255741498,152.67901574261555,117.14197234155299
2020-06-06,164.5193068920725,153.02558585739908,117.51143575633992
2020-06-07,162.47740743183434,155.93800027707104,116.84422348755571
2020-06-08,159.80198929621707,158.88679847660154,116.20362987011788
2020-06-09,161.9174073863482,160.0052728144681,115.06406338691342
2020-06-10,166.14593064788028,162.2961327505769,115.32712919356878
2020-06-11,167.94977869192937,162.4174807409025,115.8899996413463
2020-06-12,171.23142634118372,160.24379949455044,115.27761069201378
2020-06-13,168.53455048642854,160.3250939882978,114.49415785383107
2020-06-14,168.48938798657454,162.00598773592893,114.02148556187838
2020-06-15,164.32869307511325,163.20511185395824,113.52207454644302
2020-06-16,162.33130894021167,165.20705226810165,113.69745986977001
2020-06-17,165.1458318758244,164.5674880668742,112.68018216797068
2020-06-18,163.4655500115307,162.94978207523883,113.86741830865105
2020-06-19,166.9757693707778,164.06607019866354,114.09639150051767
2020-06-20,168.68505846884997,162.97715893781344,113.26297182476897
2020-06-21,176.7533458932537,161.75016291765175,113.86048136407089
2020-06-22,177.80441662065093,163.0790934300793,114.21369070673501
2020-06-23,173.85676862544028,165.0265566479469,111.2086910352443
2020-06-24,174.5162432693037,165.2756307298461,112.31878259231037
2020-06-25,171.6131176058037,162.6245516469028,110.43463975255021
2020-06-26,175.08598027647054,161.51086105409695,112.49919994245177
2020-06-27,176.1514212502306,162.79676411930902,112.65633358873288
2020-06-28,176.50924280735688,163.9080266726895,114.59980884820915
2020-06-29,175.63473625472437,163.9558848050573,113.0976751983373
2020-06-30,177.8344823182292,165.04320952982877,113.1918443264473
2020-07-01,176.35157921546914,164.93249360370754,115.39325330063188
2020-07-02,179.06628198825985,165.81667352639923,115.1064091369538
2020-07-03,182.76962881031076,166.1040776175298,114.28539095063176
2020-07-04,181.31965891381,168.34604865294847,115.28261974325922
2020-07-05,178.57128520890194,171.7363086471423,116.5651292862476
2020-07-06,176.00056041573617,167.99288795751642,114.86697026540931
2020-07-07,179.00741638130503,168.1860578312585,111.73672633236744
2020-07-08,179.09932019696228,168.05037757595477,110.5030826965392
2020-07-09,181.1647136677492,167.518287050871,111.80480145742126
2020-07-10,186.66253964102148,171.5409489882208,110.33938370516866
2020-07-11,188.13334567721648,172.70244455605607,110.74824263818817
2020-07-12,184.01564158099401,169.4023686031332,108.66772375190877
2020-07-13,187.4715172383402,170.82055251484573,105.32285935192228
2020-07-14,187.66353220635045,171.4451301487292,104.17665560681459
2020-07-15,190.3341790848643,171.97076975856962,105.23731554286616
2020-07-16,194.93317061210888,177.1864845909304,101.81869341600868
2020-07-17,191.3110174555723,177.61184738199861,102.01489428440384
2020-07-18,196.4482328065978,177.34263261347377,100.33233932791317
2020-07-19,199.8334219981847,172.93405909558402,101.49011271171892
2020-07-20,198.6139333275065,173.24980130236554,103.11494033316752
2020-07-21,199.35101257378003,176.05376604284547,102.66436527225689
2020-07-22,199.88855022041759,175.49902346057908,102.19932537442696
2020-07-23,200.7195523432928,170.86589943245934,101.23898663992335
2020-07-24,204.103401455895,169.97980775159022,99.20470451621075
2020-07-25,208.3648617319771,171.54842757753335,101.58951023974738
2020-07-26,208.14917740458773,172.59667212263292,100.04005083960249
2020-07-27,213.3103253493793,170.88789740559696,102.80509269744093
2020-07-28,217.60436092609024,170.05888895263067,101.67105976026234
2020-07-29,218.13247010445693,168.81472697398917,102.38839697958954
2020-07-30,216.98776853151145,165.873997919925,99.64693183654157
2020-07-31,213.1639056882168,161.6704364934883,100.70649235493316
2020-08-01,207.04331306551023,162.8106019111744,99.84672377022993
2020-08-02,206.47401278212175,164.6760766897872,98.77683936490185
2020-08-03,201.7934107107779,159.96161646936594,98.97437590417826
2020-08-04,202.24072758920013,163.1239628705441,98.5020260186568
2020-08-05,200.55795014097,163.00536282597568,96.30473778828406
2020-08-06,194.4319301184133,165.67732551192614,97.49196308398739
2020-08-07,196.5308242417782,166.50049316379312,96.12751156798929
2020-08-08,195.59868299391195,167.17329099735812,97.17162379335775
2020-08-09,196.90678417533542,168.87964598183075,99.24852500621732
2020-08-10,193.16925249627366,166.4193319154584,98.2691369183909
2020-08-11,192.1271208378344,169.17266412528838,100.22607466290805
2020-08-12,196.51475706135338,165.8427768789712,100.5794288176752
2020-08-13,196.90476987933022,164.87263590767324,99.41433574343633
2020-08-14,198.71994094224135,165.97524162077778,101.69489787747968
2020-08-15,194.88320553087638,165.19048125053067,100.04594296554782
2020-08-16,203.18229895797307,167.01442090943598,99.4884073581843
2020-08-17,210.2074452486455,170.52561952762477,99.3830017349381
2020-08-18,215.7401596124631,173.29612770791826,100.62803825760851
2020-08-19,220.33403311609746,169.96719164287097,103.18043369970742
2020-08-20,220.28376552988686,170.1458224019914,104.92508078652999
2020-08-21,221.44564899510203,172.10858492465817,105.06129408885737
2020-08-22,225.74247981746592,169.2334178025075,104.70419682776893
2020-08-23,222.87236114821147,170.54630762568794,101.41126960832595
2020-08-24,222.26587325608875,172.90675898202807,99.74612684882511
2020-08-25,215.88181281588714,169.98535680103657,102.63683862865989
2020-08-26,212.7642821848516,171.68296650344664,99.46534194836116
2020-08-27,218.7344137908293,172.1264827503726,98.09819299262647
2020-08-28,218.05059529285057,174.07422991816645,100.21145224640512
2020-08-29,216.8569976322845,171.7713216759921,100.55388792198528
2020-08-30,217.72837645221196,171.84045233904374,101.94667875681601
2020-08-31,212.95480852628307,168.81373439240556,103.41276328362143
2020-09-01,215.9998511140722,163.2862436388387,105.71484809245202
2020-09-02,220.88312806878747,163.66301974268788,106.28655293219296
2020-09-03,222.85589032442263,166.49553144943528,107.7042758933914
2020-09-04,228.29435342493235,166.30137537575757,105.95412466756427
2020-09-05,223.57128159557644,166.44521559215946,107.17740868732074
2020-09-06,230.1767858614767,165.5424035791007,106.1923152159871
2020-09-07,227.97223214329006,163.89204266040053,105.7160265019801
2020-09-08,222.44904710627185,162.97232043075488,107.01990509688773
2020-09-09,222.1056425268963,164.29389634626608,108.88363841520388
2020-09-10,230.21941565832861,163.91733592496115,112.349284615713
2020-09-11,230.84252610059394,166.0677975101544,115.71952224139659
2020-09-12,227.44496629897097,166.68318032620303,117.61171763970408
2020-09-13,222.3760397792633,167.33447565794967,114.31196286337997
2020-09-14,221.69099846889648,169.12536035215103,117.64202614880769
2020-09-15,215.28505499453172,168.71408071270403,119.99740521849843
2020-09-16,210.16571132577158,169.9263582701047,118.30208615845508
2020-09-17,215.26642115940749,168.55638661181032,119.4089177376262
2020-09-18,220.7553273976356,169.72025321500743,117.68737149097095
2020-09-19,219.84140793323408,167.880931971496,118.65839978995854
2020-09-20,217.55969670390792,165.38613470096803,115.8402802225806
2020-09-21,216.93618561423435,164.92366629133056,113.86569392239907
2020-09-22,225.670804099331,160.56159116109083,115.08446907858858
2020-09-23,227.29698349726527,159.9226782956453,117.1492742573337
2020-09-24,231.15494395736135,156.63276644350668,117.9136752222283
2020-09-25,231.11589932074924,158.79148536877113,117.75100901785888
2020-09-26,231.82929142711112,161.36942929520842,113.97739353808306
2020-09-27,234.40013198008614,159.44019335290304,113.57316956770205
2020-09-28,234.8773299344108,160.32140056038642,114.55395720837042
2020-09-29,227.7949320662393,162.5829219952365,114.18714705607678
2020-09-30,233.84688275474124,165.25566421070278,114.63182984299476
2020-10-01,231.57869245956817,165.84766052176434,114.37820054571758
2020-10-02,239.9318202429135,167.3243747344598,113.66670932216233
2020-10-03,242.1810801308845,165.40424422751101,113.52038486964312
2020-10-04,241.53787129481967,164.92126280023652,112.57258020206677
2020-10-05,243.9650146090675,164.25479046771179,115.54303531210111
2020-10-06,244.0441963747841,162.95724116478343,111.69051012379822
2020-10-07,242.54301286313674,163.36591634235631,110.93891852325122
2020-10-08,243.428726810872,164.12266525296775,109.37423421920866
2020-10-09,248.30509366115115,167.47713127384907,110.27829611212482
2020-10-10,246.0798641767342,167.88612663630468,110.30693906213901
2020-10-11,244.27520950019843,169.88573774462586,113.64497479038025
2020-10-12,242.86786678107717,171.42899271944123,117.37615560989795
2020-10-13,246.54937650299044,177.53980900694035,115.73623951207148
2020-10-14,253.34416003116752,173.5936564694622,115.99461584440304
2020-10-15,255.3553152012194,172.24176450340462,116.56284318128077
2020-10-16,258.3141395187616,175.95943697627177,115.2252026337611
2020-10-17,255.70963098491418,175.21314786563588,116.49782602812631
2020-10-18,259.6868256579577,177.36453486292874,116.08012161424182
2020-10-19,264.1448803661969,179.24113829751445,114.94978590019244
2020-10-20,261.9940310616817,185.12943038163442,114.88392110355808
2020-10-21,254.74055202832528,182.80543906229485,113.32074386443267
2020-10-22,249.64472771606938,185.97861505712646,115.35153788613366
2020-10-23,247.65314760257849,191.0670918062031,119.40392253744587
2020-10-24,253.15559118560645,188.8035107046541,120.12297181901096
2020-10-25,260.1510159146099,190.89104707446515,120.40539129820304
2020-10-26,258.0717069593793,188.28424020844903,120.65076946365325
2020-10-27,256.32079727387554,188.3694972909276,123.03639431087075
2020-10-28,255.15721210479046,185.97620070620448,124.2845481280189
2020-10-29,255.4883908401019,180.1741312467266,124.18317934900834
2020-10-30,259.3588571842536,181.00298789449025,124.57193220825513
2020-10-31,258.3907406404624,182.2723518436365,126.5626906122777
2020-11-01,262.7811548214049,186.03459364303427,124.28805173715823
2020-11-02,260.88377751976674,186.97518397289016,126.39555732707406
2020-11-03,264.8282075812102,192.91123731938893,130.07920994389096
2020-11-04,262.88509958470723,192.64166838447983,132.23721133994448
2020-11-05,260.61812303206455,192.69431868128382,129.81132973537495
2020-11-06,269.68855743069395,192.43555800739588,125.85744950715531
2020-11-07,275.5786967016666,191.8977117968171,127.74604046884093
2020-11-08,266.6775574413488,185.82706018830126,125.91795358408707
2020-11-09,264.78309087392313,185.34405663431806,126.58112627307803
2020-11-10,269.37036356155346,179.50366210575172,129.34517367301677
2020-11-11,264.56703375373564,181.03844287131844,128.28966185877218
2020-11-12,268.6337924283966,178.34761970537437,127.75510567977801
2020-11-13,272.25922494873566,176.51006651984653,128.5830418122799
2020-11-14,269.1272080772396,174.96341649108325,125.93503022545579
2020-11-15,269.544220486967,174.7446761629596,124.59311925321447
2020-11-16,261.43739873752514,175.65195959716098,125.29922015656311
2020-11-17,269.42530301006536,178.1589575644402,124.63240195992826
2020-11-18,268.2304419025221,176.89160401138525,125.98914940849099
2020-11-19,271.2170994643416,177.5233937728528,131.47895622767786
2020-11-20,273.5162672261643,183.8214564644111,131.40905715169046
2020-11-21,280.1915609567326,184.87268909660713,129.70557600282078
2020-11-22,279.1649370584803,185.085016406026,133.24389823992465
2020-11-23,280.059292135083,183.0467909338542,129.77539170946176
2020-11-24,282.6981028758978,182.4869218174924,126.82013935969016
2020-11-25,286.76130633455404,180.13240288996144,125.49081181780757
2020-11-26,292.18880947707976,180.5535495937411,124.76495093180986
2020-11-27,290.1890980237243,181.0190729381077,123.67132930140626
2020-11-28,285.71838217226326,175.01766077681722,123.10719696517697
2020-11-29,293.71682994031744,175.69610897056629,124.19096272565912
2020-11-30,283.1413844117501,177.98308594354643,126.19391579445852
2020-12-01,291.64234447983705,177.45697145778053,126.71236193371095
2020-12-02,289.1503016971605,175.26450702411344,125.12428607759487
2020-12-03,289.8399080621546,172.41640391129656,127.5298138175208
2020-12-04,287.17137548122383,168.51563137795785,126.14576555282262
2020-12-05,287.39540042645706,170.6720445811573,123.01623255433022
2020-12-06,293.0286542460088,169.7913806924742,125.16028203851461
2020-12-07,297.2970937374873,171.75718171018883,127.6747138267049
2020-12-08,298.9104829405005,174.80724459363006,125.63108243073793
2020-12-09,299.2781603986272,176.92617878657,124.77269250537884
2020-12-10,292.9819617818318,176.22426049488288,123.35231113930053
2020-12-11,289.588633215008,177.04297133907428,124.36446812160992
2020-12-12,288.027973968038,175.62912834977493,128.00736532614746
2020-12-13,289.59595832314216,173.4838318899891,129.17364806877063
2020-12-14,290.63668735743795,174.67924219649979,131.69340626494065
2020-12-15,295.7498688216537,172.77532794521474,133.54147421426597
2020-12-16,296.2479660684731,166.51367382444857,132.6712872454761
2020-12-17,297.3562606430472,164.95515148922857,135.41918865264967
2020-12-18,309.35320233900995,164.30400856950735,137.133861308097
2020-12-19,312.7818172935338,168.37494484686425,140.96415393514968
2020-12-20,309.5794456102964,166.750552647271,139.5060002155992
2020-12-21,316.84511697494605,166.37278292563892,134.31999613764933
2020-12-22,323.87200029803023,166.1796334234852,136.8137930991177
2020-12-23,334.59038449253705,169.16440437430956,137.78127534838384
2020-12-24,332.40777834547885,171.03493239243625,136.47695253600637
2020-12-25,337.2188493042003,173.33660139745479,135.6010610540198
2020-12-26,331.82937969967685,170.78331625561816,142.58175818326868
2020-12-27,336.18646504755765,171.15583896431528,141.02158034961292
2020-12-28,336.16558035606005,173.3538875134737,139.43492514985607
2020-12-29,327.9106361908786,173.96592003959694,139.4201053618979
2020-12-30,331.8862585652328,174.43575061990884,141.33234779251998
2020-12-31,321.6841283927579,174.53482696597806,146.70173688737344
2021-01-01,311.1533746700881,172.68855256253403,148.23978070414557
2021-01-02,312.8702884734997,168.59480977978143,145.0728947600836
2021-01-03,315.9986573717666,167.11283388154672,149.85131578017686
2021-01-04,321.71836295858986,173.48508210518062,149.9892357946906
2021-01-05,325.85679252013,172.31567679319062,147.94304225506397
2021-01-06,333.1610693488556,167.18510302623346,144.85339064902388
2021-01-07,337.8403578228436,169.14907220543174,147.12894529246216
2021-01-08,335.25032119677456,170.185469343992,146.9113869445665
2021-01-09,332.91674001947797,172.18977891277711,146.90674054688319
2021-01-10,332.1933358785195,173.72608860347916,150.42919047002806
2021-01-11,334.54475739018966,176.047210131553,148.76005943255376
2021-01-12,328.3784926892368,180.52384359807985,152.16995643217825
2021-01-13,329.08707466595666,178.00065107835093,150.31134889433133
2021-01-14,328.0492989136298,175.4056266931054,155.4870963649353
2021-01-15,329.50119479556355,172.72842925836795,156.96760471360543
2021-01-16,329.6592979239868,171.3282876021664,153.93606761871933
2021-01-17,315.44960927069656,174.36645239549355,148.63638880075356
2021-01-18,311.3536221823619,176.01290845436588,150.97777996586717
2021-01-19,312.2472989356979,177.98931874610417,150.76844741791413
2021-01-20,311.69893072911884,173.47093543293425,150.26208484187896
2021-01-21,313.94395576028967,172.28824160971263,152.56942065362819
2021-01-22,313.9232798812657,167.10473503614958,154.30960891653908
2021-01-23,322.9909984270383,170.16327193375028,157.81051284946946
2021-01-24,324.10191794411605,173.50682682997487,154.49019055209072
2021-01-25,322.80678234694074,175.56370257529952,158.35527520647958
2021-01-26,313.9475887731355,173.14549604798447,156.81228117751286
2021-01-27,308.0232218328723,177.40224022808175,151.80949724244786
2021-01-28,310.20904193197964,176.37823268158414,148.5745485238837
2021-01-29,316.6508423987159,173.87454119584373,149.45261265091614
2021-01-30,325.04608598796426,171.51521016737678,147.0151338973244
2021-01-31,320.43973653542935,170.48337575840662,146.79894790702264
2021-02-01,318.7373024073492,170.55292106417684,147.59979625077057
2021-02-02,319.4070102332483,169.79552662767168,146.8530371640862
2021-02-03,330.99983107764797,166.60926908985445,145.72715203827158
2021-02-04,331.7441349679926,169.39459122907863,142.8075032405994
2021-02-05,341.11583146604715,169.21935206405496,143.02602383544033
2021-02-06,342.3579502767102,167.67767497746775,138.36566542486355
2021-02-07,350.19989038922245,170.67539578245683,137.21144506709274
2021-02-08,357.57510838892614,168.47500538242033,135.58181693479446
2021-02-09,357.6354934992072,164.30487170893088,134.68405216185536
2021-02-10,352.5026711236207,167.64510718203613,134.6250630907081
2021-02-11,349.7797520215416,171.459835955365,136.3413245956096
2021-02-12,359.6400334516423,170.7381963621598,140.2280816496831
2021-02-13,365.94997766788197,170.99782328959697,138.0053457795161
2021-02-14,361.2966721750589,167.42304215942409,141.858461959716
2021-02-15,359.4394045351321,167.53007258372847,140.16069760891534
2021-02-16,348.5444892758932,166.2632829415216,140.4232719299583
2021-02-17,356.6867275312249,165.70180117951216,141.34725690670163
2021-02-18,363.77855975853174,167.3445168883815,147.76247208336713
2021-02-19,362.37384482720694,164.58612270077214,146.23098532285317
2021-02-20,362.9136607483227,163.42798085911403,141.69830813871013
2021-02-21,349.84736027238887,159.55563604397688,145.29829695384169
2021-02-22,347.8072572609942,159.16176741011333,143.69056570221255
2021-02-23,355.90216779379676,158.93770669797686,142.84448670254224
2021-02-24,363.3760188169697,160.03445430193457,140.81459566172782
2021-02-25,366.19584545519325,160.8568211367147,140.27621684047213
2021-02-26,363.8774453701285,161.83915791798697,137.5029673636344
2021-02-27,368.4897146168291,158.27830210135434,138.8791970794773
2021-02-28,366.25605155883005,154.89288779954745,138.89119928660145
2021-03-01,356.60131427336927,156.27697483302865,137.61095750764306
2021-03-02,353.918174025917,150.82154095368546,138.8537599256702
2021-03-03,359.25135716489126,152.39401462563526,140.55923894616384
2021-03-04,366.9997104960285,150.25621927442592,136.6560423103024
2021-03-05,358.3365284231328,153.61136091957357,138.8540165332987
2021-03-06,359.012944431339,154.72330862764886,139.82967018145177
2021-03-07,361.2360306004612,155.3953950695118,144.0997018252217
2021-03-08,355.5597934404641,158.4593005374074,144.83350470180835
2021-03-09,359.73243639569324,156.682857075891,143.4428990868619
2021-03-10,364.69681616547666,154.9409038578476,143.08362709953096
2021-03-11,362.8878529699541,152.28673249312223,144.98488857510125
2021-03-12,375.6059696642918,150.3336890677663,143.0224003720884
2021-03-13,372.7870645011962,150.12893598308528,141.703248817662
2021-03-14,369.33301055899125,150.87323896933057,140.96045777725874
2021-03-15,364.99287666778736,152.28857625592195,137.8212530278839
2021-03-16,359.987484739887,148.56865505408544,136.15324404769055
2021-03-17,354.88427890546853,147.5137612045855,135.91160620789333
2021-03-18,346.5942085931136,145.43623238341488,138.75581164289946
2021-03-19,345.57371086394176,145.0568930863353,139.52592555280214
2021-03-20,346.2261025889264,149.83579099712034,139.54489600007355
2021-03-21,332.4974754143736,150.23918589329506,137.4999773467777
2021-03-22,335.1354279932609,153.51602421629468,141.3213831442896
2021-03-23,336.8992613800517,158.33038045922402,142.96900489534318
2021-03-24,338.79357699831047,160.2280530106855,140.8522889648308
2021-03-25,346.2854051856456,159.4137282883907,143.1039021124816
2021-03-26,350.92539699564645,156.42924149123314,144.22553196960635
2021-03-27,346.2893401255493,155.93380600578075,141.94037640307297
2021-03-28,340.6923928482331,154.15345828069314,141.19745471203632
2021-03-29,344.7062080162696,151.23751162765436,140.307616753689
2021-03-30,340.92619966692234,151.46739228583868,146.27329976834653
2021-03-31,334.9388308962884,152.49856623534092,148.04394128574756
2021-04-01,350.06548558658557,156.7063426770917,149.00537704748723
2021-04-02,349.8004897514065,156.62874711326512,150.8451118162719
2021-04-03,345.3126873241845,156.87016886350895,153.9759383587168
2021-04-04,333.1723557247405,155.72685016782495,154.05398348198406
2021-04-05,338.87678119486804,157.92509515089984,152.93252461743756
2021-04-06,332.8339791407006,157.47842629107504,154.9146034898076
2021-04-07,332.37951701403745,154.6700337318519,154.18149005783948
2021-04-08,339.7260656859774,155.432755214631,152.31427297605157
2021-04-09,334.47336070551347,156.4100701295823,149.36101077624363
2021-04-10,335.72239548284347,157.29654417409893,153.5044001316905
2021-04-11,343.9724619563264,159.20451739254415,153.52601271226263
2021-04-12,328.6247829237441,155.56632360570327,151.5563793465165
2021-04-13,323.65938494539535,153.57409073991133,150.78409046652237
2021-04-14,318.68515521819677,154.90147424222624,152.8044217820244
2021-04-15,316.78942240031546,152.93242617232102,151.65163681795755
2021-04-16,316.66426807699077,153.47203590930047,148.15409611566054
2021-04-17,309.4711453009551,147.77536448982514,148.26326848459283
2021-04-18,305.1054874258574,152.8753387414344,150.79740374117034
2021-04-19,301.8239749170719,152.66757099060757,154.0165192511856
2021-04-20,300.69114607563677,155.48423526906572,152.95857117460162
2021-04-21,301.6069703003004,154.6358613100309,156.06273970172413
2021-04-22,305.5897180663716,155.0815462314378,156.20168569745243
2021-04-23,310.39091982049223,157.823159725538,159.00060719920788
2021-04-24,313.69809201897186,160.2110038289704,160.39592397482517
2021-04-25,309.7628179874142,160.1221723350555,156.82637093519912
2021-04-26,310.7494030975499,160.3198697736504,161.88857889191937
2021-04-27,323.39530764402366,162.3276015649258,161.85722389632454
2021-04-28,328.12267426955,167.04010453862037,162.9070755784171
2021-04-29,326.05703171756716,167.65897115939083,159.56070050367092
2021-04-30,334.40403045949023,171.8100474136372,160.56500306817307
2021-05-01,331.8099858470084,171.0294510451729,163.31650109824733
2021-05-02,329.48410694555264,173.98454054424846,169.30306454291897
2021-05-03,338.46608070598495,177.08826803784825,173.73032326688863
2021-05-04,331.2343575126325,176.2392461090946,175.47583828893715
2021-05-05,319.38507614933235,173.83744882231608,170.49791824126945
2021-05-06,324.95196112398753,176.72351692459938,171.05229783339303
2021-05-07,326.2913617484499,176.06580522728407,170.02063795861508
2021-05-08,326.7890989661783,173.7914295398517,170.56115736203367
2021-05-09,326.23575535605954,172.9381563332713,167.96153268401264
2021-05-10,326.31317031176695,172.40444417997534,168.11028048045378
2021-05-11,325.5272583620387,175.33227506418822,167.60521154351466
2021-05-12,322.4843378617665,176.77403697811351,166.33420279722222
2021-05-13,321.0863875107649,178.86311409690362,165.2404619340799
2021-05-14,320.31773346796825,180.6999125163599,165.64772498428775
2021-05-15,316.35668468404845,179.54213426211754,166.7230112333021
2021-05-16,313.0699142255942,181.0318659494297,159.85614143588268
2021-05-17,299.58729901841366,183.77157499178392,153.60470440367575
2021-05-18,303.491042377389,185.42068254011215,152.93277780043945
2021-05-19,304.500822629909,185.8919238045144,151.9139769232953
2021-05-20,304.06426775771746,183.93807310750577,152.38821653133945
2021-05-21,308.72520924695266,186.50115058237017,152.27355696574597
2021-05-22,308.2944534364322,183.2617222488673,151.36419168667163
2021-05-23,306.0352843877749,184.09790786606848,152.4428640230826
2021-05-24,304.41211365563976,180.71337701954926,151.19961660930747
2021-05-25,306.9130476770861,176.55183602834143,153.59151370628936
2021-05-26,308.65210725934867,176.43245270702693,154.3567611760357
2021-05-27,319.84809990376715,175.174858115499,155.81738328401258
2021-05-28,330.21930270196316,176.12561783478915,156.6378946167526
2021-05-29,336.69131055647904,176.37299780760483,162.66548567007177
2021-05-30,331.0439717938778,175.75494227259648,163.65302838481023
2021-05-31,328.57617182812464,177.57399405185978,162.7105139307886
2021-06-01,322.9032914863104,176.40110310070736,164.88736257823805
2021-06-02,324.69020591469234,175.9702316078906,160.63445528106828
2021-06-03,309.16190385934016,179.14910073647516,160.67054343874483
2021-06-04,308.4928936188781,180.14732553904247,162.42775175108056
2021-06-05,307.97156961908786,180.3228300943273,163.35634472541102
2021-06-06,299.4512200379479,180.17640846577916,162.1753959960088
2021-06-07,302.53051810614227,179.11194362410842,158.92956916812113
2021-06-08,296.4428308227975,177.23757360533958,156.77342915323217
2021-06-09,298.3344522401372,175.13236417814696,157.31035807876387
2021-06-10,313.33317064726225,173.50160629481465,154.64852554547528
2021-06-11,303.8252193692112,174.9732889782148,158.67345228869104
2021-06-12,303.90794352726664,173.94698084331628,152.39760229917073
2021-06-13,302.8061727226423,174.13691952179255,152.10307083882202
2021-06-14,300.11921207027575,176.02308252259914,152.59565196838392
2021-06-15,302.9598250489833,174.6752597479482,153.30239884731188
2021-06-16,308.74664371858427,176.13208431364453,150.99628730654283
2021-06-17,313.99897243010076,173.0940253309604,154.37786160129184
2021-06-18,310.20752758708534,172.805388400913,150.9355818931785
2021-06-19,324.0929748700746,173.3008906849365,149.83653202119783
2021-06-20,314.20186484993957,173.23917391084396,151.29266497226627
2021-06-21,307.8377020684675,168.90662730297643,153.49472725347331
2021-06-22,308.7653973884839,171.6757986390623,150.01405639308982
2021-06-23,309.6683736430641,169.90220670855757,156.8677049450684
2021-06-24,311.81386583831164,170.391632738737,154.33819042760393
2021-06-25,320.33561242116997,170.33826477037994,151.01355793676709
2021-06-26,318.91881480099,172.2454506216719,151.90502434650514
2021-06-27,320.76050836219105,178.06857917314233,151.6180999975555
2021-06-28,317.35709078778126,174.86779495300084,150.3239747280107
2021-06-29,322.116314064016,174.14506424686604,152.52126283424022
2021-06-30,321.97932471471074,175.4414277762772,149.5176518068961
2021-07-01,320.2842430599264,172.83403603502487,145.4337705144104
2021-07-02,322.4727840727319,174.20690149818688,143.64139503514468
2021-07-03,326.3998543201547,175.17399847507352,145.36735728603517
2021-07-04,312.93110477986704,175.78691146667236,143.47600330459733
2021-07-05,313.73427788758585,175.67852786772244,146.75963770164216
2021-07-06,313.718867071521,179.75484747382018,150.3501234958153
2021-07-07,319.13180683513355,177.0686195471355,151.16850830794277
2021-07-08,318.2792415754678,177.48324727105765,152.256927432277
2021-07-09,323.51482831672666,174.57921969165727,152.0161966460235
2021-07-10,318.75406674450966,176.12512249198863,151.9363001156546
2021-07-11,307.73935476571506,172.31163814954985,151.49905167400414
2021-07-12,313.76743431589534,172.44338553956686,151.07699157548478
2021-07-13,309.24801740857384,173.20365943044234,148.45101119355195
2021-07-14,301.6125851736667,171.33144663597264,143.48688703690834
2021-07-15,303.3139261440664,170.76985042995048,146.8756997468479
2021-07-16,302.0048788608766,170.74108357446266,147.2230274822458
2021-07-17,306.51622962620144,173.05525524566067,147.3344173126545
2021-07-18,311.5794879943802,170.79334756267522,148.45084787642747
2021-07-19,314.47126910677224,170.0875294104485,147.58018223016518
2021-07-20,307.879865036285,171.68578396319603,144.31456334143294
2021-07-21,310.1764539081879,171.45122440774088,144.00526015259157
2021-07-22,311.0948568443692,169.6396260249414,147.28605906924741
2021-07-23,314.8283844877501,171.66421344893294,144.80728306421244
2021-07-24,309.6448686211269,170.2399510745065,138.48258034606266
2021-07-25,307.61367129532914,172.6564334168976,137.3454938881085
2021-07-26,311.12051045103823,171.52442642459005,140.29696928669827
2021-07-27,320.92208708967286,172.8037671004455,137.74124880576005
2021-07-28,327.228575272652,175.5047512646073,135.49723907533425
2021-07-29,327.00821483624685,174.56973324350335,135.79968038132444
2021-07-30,324.00919745516615,176.19997407064457,141.5308262652641
2021-07-31,325.97718350106,175.85380947926214,138.28516426125836
2021-08-01,318.3017491868002,179.75536794329216,134.47128247455458
2021-08-02,313.68579037165506,183.50085055536127,135.14687295978212
2021-08-03,322.7798798385987,180.6755393455916,138.19975183896486
2021-08-04,323.9355732520274,181.32292156988453,136.3265065504314
2021-08-05,323.1699957828111,179.945100055121,133.24046780340439
2021-08-06,328.437213018707,180.72860366169496,134.4457194200173
2021-08-07,335.2228526106923,180.5500969628423,135.5715524327297
2021-08-08,332.677144362847,177.95479387022323,139.58559050599288
2021-08-09,331.98514780237673,181.43638150352345,141.82859284848792
2021-08-10,329.7234593529004,182.3893086220444,144.14240516170233
2021-08-11,335.4003495415997,181.7421943364301,143.59249368945405
2021-08-12,340.98398382058434,180.58603428893812,149.41776407875534
2021-08-13,349.45261893181606,181.02237981579077,148.54681934612384
2021-08-14,355.1973460552303,181.80215611020265,146.9024627727471
2021-08-15,343.27356899470067,180.39774751552238,150.46331576419993
2021-08-16,347.19815310694804,174.74448007101694,147.85967965423237
2021-08-17,341.2488565625988,174.91593768045337,143.58390510259665
2021-08-18,338.812006259964,171.78276409344943,144.10122438749806
2021-08-19,339.90461751956565,171.3138920001397,144.13645433850039
2021-08-20,344.23574050665695,167.74708473637833,143.34551457871146
2021-08-21,338.961297158048,164.50423668687205,145.68428138790713
2021-08-22,324.19015761027373,166.5455124658746,142.89743873782325
2021-08-23,327.5621949492509,167.0081513844313,144.0878260806704
2021-08-24,341.75259502398904,165.53979466175613,142.77048431931465
2021-08-25,339.6592244153298,166.16331978384997,140.32159306163794
2021-08-26,339.6403084038556,165.15686598077448,140.0567603846886
2021-08-27,351.69128147186973,170.63068791887144,142.63176210011818
2021-08-28,355.459843159378,170.0551580017671,147.74699915193983
2021-08-29,355.63381237013664,170.31874318033795,148.6751156160087
2021-08-30,359.8520946691299,173.26980304923165,143.30575055540353
2021-08-31,362.3595169596989,177.5122260734046,143.594460653868
2021-09-01,356.068746412352,176.06926871811464,144.00782823041396
2021-09-02,348.86618921888976,175.5007097895136,146.60850607129288
2021-09-03,363.0512034462972,179.87688209920998,148.17192543534713
2021-09-04,366.7482799579614,183.09789481443335,152.2845751466041
2021-09-05,366.7929288894667,185.46707291299862,153.0197670207537
2021-09-06,368.17805531401933,183.00681145411158,157.794064115223
2021-09-07,373.7543506889981,187.15887061764482,156.9151022511787
2021-09-08,391.1839738809007,185.56658044291507,157.5918695273048
2021-09-09,392.9217224818867,185.16291660055856,159.01224799541635
2021-09-10,388.9419453401255,184.74869384559776,157.51745048875355
2021-09-11,387.27893562331235,182.15919176966094,155.17691991736717
2021-09-12,395.62571069972415,179.20146920125953,154.03900968543803
2021-09-13,393.12766142161877,175.63293871386247,152.72247624995063
2021-09-14,396.6718946650013,174.87428871669215,153.15410731175442
2021-09-15,381.2890779708197,171.3262222761011,148.67443413947993
2021-09-16,381.2404103776184,169.33301195486308,145.49695654708103
2021-09-17,385.3466767812992,168.785722423387,149.99180156727667
2021-09-18,394.8854376589699,163.2594276798963,148.61455066100268
2021-09-19,389.95605522745245,165.21496951901074,149.32557456465386
2021-09-20,380.57346326358004,160.11006811225428,145.94421355527908
2021-09-21,378.7329351547509,159.85728587467014,146.1159718017295
2021-09-22,370.25554191766906,159.35214366438404,143.93585588837604
2021-09-23,368.23009307526496,160.0306130108539,139.87456328328187
2021-09-24,369.1398001730344,160.3263001609551,143.33399822383052
2021-09-25,361.04029874657965,164.83743892145452,146.21209434904793
2021-09-26,366.09069007415053,165.30116811008554,145.95956181097915
2021-09-27,364.80281561989636,167.52127325172873,148.2501286679358
2021-09-28,371.4854927610376,165.77733904940013,152.87894471537783
2021-09-29,361.2070383641191,166.61755326004752,155.32890738706018
2021-09-30,354.7377600005725,170.03767937298383,156.4682785225109
2021-10-01,356.64247706192333,168.85397209295633,156.41979535562345
2021-10-02,352.7276768859504,169.7204750001242,158.51293688690126
2021-10-03,351.674224980359,171.94135231655642,157.54349271660686
2021-10-04,351.87228939064454,170.28161982401417,156.91588392977565
2021-10-05,354.6901704486943,166.22376120888532,158.90685617586823
2021-10-06,350.7165224188614,166.83914420762105,157.73842899327548
2021-10-07,352.0836934832803,169.28755708838378,157.00268551588667
2021-10-08,346.28728460289034,165.65744452260193,156.5180118509469
2021-10-09,350.26100924922974,167.11083437962608,159.4649751784107
2021-10-10,350.369641951042,169.00813522202367,156.89423275866295
2021-10-11,349.8314087974935,163.12754609621103,158.1969788823891
2021-10-12,366.0289978186458,161.21062826361216,160.4296971452465
2021-10-13,359.3957790128693,160.44085462860727,162.6298289670629
2021-10-14,368.3005817093987,160.11552880512434,160.58601481626096
2021-10-15,353.1311094491572,159.05111635605917,156.76272116029008
2021-10-16,341.2332869123291,157.5432880923266,158.43494770044407
2021-10-17,335.6904712342614,161.90524561861193,159.6960740980039
2021-10-18,328.10581519095217,161.23249534958603,161.9424670996639
2021-10-19,329.54233021868254,159.82904682853928,160.23176172333453
2021-10-20,331.42510297827016,159.82584651097852,162.3529837279989
2021-10-21,329.0624922060955,160.52927420297496,164.73532793156537
2021-10-22,329.30883477608984,161.14830989130917,165.02433642170155
2021-10-23,334.7619732679342,161.86844269325837,167.38067472312335
2021-10-24,339.7350648725242,160.4833106137107,168.49824001773612
2021-10-25,332.73335978605877,159.33518391759188,166.57496203648958
2021-10-26,330.90296981060845,158.13231650673592,168.14815916203898
2021-10-27,329.94955834964617,158.56852397434224,172.39556758328817
2021-10-28,331.06669163321766,155.62040416086842,171.5936592619373
2021-10-29,326.14177196939556,156.16902885230036,167.24634449450772
2021-10-30,324.42825238920966,158.5882867939166,164.7490916862415
2021-10-31,326.40261606971836,160.14763543257396,160.9286073520965
2021-11-01,322.5038838286011,159.3360100663426,164.38495219197867
2021-11-02,318.2976245929146,156.4308339179375,166.35978772308673
2021-11-03,319.8337518946086,160.28274788586288,165.5161690744625
2021-11-04,318.1866027938255,157.26157392047895,161.22986746730876
2021-11-05,320.353686039175,158.76811522577248,158.7435209055993
2021-11-06,314.80828709268076,160.22912514249475,157.19454322191697
2021-11-07,314.028665118105,160.25485901691832,158.03208874740287
2021-11-08,313.4078964925205,159.9703242662203,158.53690711542956
2021-11-09,318.2072696374268,156.1950562806803,162.25062221771955
2021-11-10,313.3163578117562,156.97824893661212,160.52898712694235
2021-11-11,315.10415631731985,158.53922687717193,156.87325040810325
2021-11-12,316.8130647554236,156.35202143898175,154.0909705855424
2021-11-13,325.08817071362745,155.58294957348696,153.62552068248831
2021-11-14,319.6932504006555,155.7289580289001,151.89122051065073
2021-11-15,315.2122869406202,156.51350509856744,150.74447199705648
2021-11-16,310.3865433065235,156.60438273011573,149.73066292122832
2021-11-17,301.2842279288489,153.0012054130066,152.0320109727876
2021-11-18,313.01179391029063,153.1129442155173,151.8022791460733
2021-11-19,306.4974264064836,153.6063236101044,150.91581088686974
2021-11-20,301.0686016901908,154.76928612547505,152.13243517477892
2021-11-21,307.98339493673564,153.4579963892452,150.73665503680965
2021-11-22,299.44646400214,158.37014845296383,152.0882343076928
2021-11-23,305.0116506628668,155.18643038611248,153.74835626462237
2021-11-24,297.280482260108,153.77245390851945,153.90286625737338
2021-11-25,302.45523710965705,152.91302461479188,150.40545603099432
2021-11-26,292.2431186606577,152.9149660716273,153.90405389038543
2021-11-27,282.4749716960137,149.78695258703843,159.0411426618434
2021-11-28,279.5965526449539,150.54789509521427,158.92709934567952
2021-11-29,286.8175865388335,152.6144420127162,157.59647304335525
2021-11-30,286.7358973506914,152.72563816793428,157.70914794836668
2021-12-01,285.8071198647463,153.77510945422904,160.68560096582118
2021-12-02,292.0527291872409,152.62090369947927,158.81550555072766
2021-12-03,302.98750114454566,149.22228495540574,158.42080026917688
2021-12-04,306.6403735804354,147.81277903835547,159.37191903067773
2021-12-05,303.6472128815476,148.23706646298308,162.6888395560674
2021-12-06,301.69682507130176,148.65103214389657,164.89044525518338
2021-12-07,295.610063254537,148.97153083164807,167.4026271222023
2021-12-08,297.0070749367706,150.5058617419227,166.7354939122151
2021-12-09,289.2749873605162,149.54256651886607,168.10854291933467
2021-12-10,292.56256409274476,149.84300003961135,166.434543402274
2021-12-11,301.58658595030295,150.3436880088307,168.0418022618602
2021-12-12,305.5191617972213,150.2360134517034,171.34351884266124
2021-12-13,303.64031925349514,147.97872386192523,173.2278901052966
2021-12-14,307.21045329814217,146.42424986480805,172.64388643146242
2021-12-15,315.40519639550024,147.8240702383872,171.7868004876689
2021-12-16,323.5707464652796,150.39707626000185,176.6872025308115
2021-12-17,317.61723381579776,152.60162472850567,175.44893052165054
2021-12-18,321.07643510042703,153.37285288302164,178.85565374223708
2021-12-19,321.3461910832875,151.40587392064546,180.48666513944485
2021-12-20,325.59413252545886,151.25099443763452,179.36075748806155
2021-12-21,328.7874650219071,154.9506216290156,176.0190953079808
2021-12-22,315.91438692995183,156.35973391651982,176.77454339872355
2021-12-23,314.053653524327,155.90600516162354,177.0517835718826
2021-12-24,315.0735158807191,157.18883657558868,182.34020444563532
2021-12-25,305.45205401144057,153.49868023427751,178.64798252318496
2021-12-26,308.96103287638323,152.24858859168776,185.7505387867296
2021-12-27,303.2098408269138,151.1055017256852,188.2587700358718
2021-12-28,298.43336265932254,151.72937712219706,189.03117468233768
2021-12-29,306.0059165984457,153.4877058509195,187.58053927352213
2021-12-30,301.0387661902635,152.9674619576998,188.3367345123246
2021-12-31,303.3810109274722,150.80890920711474,189.39585956714572
2022-01-01,294.48670594992524,150.8066257060849,192.40689241072468
2022-01-02,305.4870363338029,149.9182550240235,189.51100361211294
2022-01-03,306.70332436219394,149.66073128685215,195.67581826035388
2022-01-04,307.17782635722983,150.31164432693092,196.81786518997905
2022-01-05,307.2250759622537,148.30504485563813,198.21065859120202
2022-01-06,310.8478321504423,145.34636825145284,197.74494027857787
2022-01-07,301.0297297683654,141.85328407946784,193.61661918198467
2022-01-08,301.0565908989822,138.798387119186,193.88064848549274
2022-01-09,297.81317414654603,139.31221836112425,194.5727560541056
2022-01-10,290.120413311884,139.96906508600188,190.75431614550115
2022-01-11,296.0734276459053,140.60916103805695,193.8934821272416
2022-01-12,293.97159106995986,141.56411063355878,196.88058424922414
2022-01-13,295.2031949919752,143.85162590421956,194.53865010379312
2022-01-14,295.5751385811732,142.40929396270752,190.94453353290012
2022-01-15,293.0107138477767,142.75662343580515,189.43767614858066
2022-01-16,303.55231302302434,139.89924997278223,189.7726282096578
2022-01-17,302.28430209202753,142.04974044200887,188.31228395868342
2022-01-18,294.045541675255,139.53155448206653,187.97420190312238
2022-01-19,291.28194403158466,137.81529590189905,188.1806697917659
2022-01-20,294.41250335178216,136.96739240950063,184.40115930024146
2022-01-21,298.85034358018436,134.93595888001263,181.73019143436164
2022-01-22,292.2748093321148,134.50734933861574,173.1701164766296
2022-01-23,295.4986767896954,134.18948900808903,174.98121655112584
2022-01-24,286.6885092413796,133.83269447692845,175.0374999505834
2022-01-25,292.5366106871518,131.10589701208218,178.15654408433582
2022-01-26,286.29172444123054,134.8100226843887,175.06102144771887
2022-01-27,284.9261543651283,135.67768190866738,174.9748727106606
2022-01-28,290.15555814542233,140.57816369182214,175.56498702575652
2022-01-29,291.2062053265529,139.24409512681376,174.22757984803144
2022-01-30,296.37200447208795,141.5423488047219,170.46849491926275
2022-01-31,297.9429968192253,142.2590515060817,174.49403037272253
2022-02-01,304.42141974222494,141.58177227066503,178.4276513939393
2022-02-02,310.3745392291359,144.45328576038102,177.50816121578526
2022-02-03,307.2462719203384,143.30333423479559,178.58951675936763
2022-02-04,312.3489955547121,143.38765162640698,178.18315080043965
2022-02-05,303.79348518254903,136.5499696531407,175.03916870673606
2022-02-06,303.59194925660717,137.3329614945947,180.4180625373397
2022-02-07,308.5457444036926,135.15037929254797,175.96955125982734
2022-02-08,308.8513110051323,133.94186837123996,174.91435685222217
2022-02-09,309.6657671245995,131.38373092431945,174.26546133368677
2022-02-10,308.27402496507966,130.60025313014668,178.90068094601966
2022-02-11,315.4184309813887,131.83083852854622,182.18191357711498
2022-02-12,314.8073608085497,131.7552217834259,177.1528330013908
2022-02-13,311.63903133247,132.73465939328105,176.77413053118792
2022-02-14,317.4401662038555,135.44316448855213,177.40503418609583
2022-02-15,309.682268693494,134.67055542789328,176.64542723051272
2022-02-16,312.0329098539204,133.63019984826664,178.2579112141253
2022-02-17,306.76457707153514,135.47832726545028,174.34701332219493
2022-02-18,314.43862147956094,137.7525109109141,173.66402783550564
2022-02-19,315.41900408718476,140.16908021876338,176.3509340251738
2022-02-20,317.07985243947763,138.75547684608986,178.8429108774622
2022-02-21,320.58844751833385,140.07693950872522,179.98367732962447
2022-02-22,309.77172267051054,140.11281721769214,178.94199786448502
2022-02-23,305.5093275686637,141.73949939550738,178.11972765350708
2022-02-24,311.2449170926247,140.7076692323166,180.40766409427073
2022-02-25,316.1724298008516,137.6430617092232,180.64653519256717
2022-02-26,316.8384544006682,138.53380453525122,177.083694414595
2022-02-27,309.5397695312269,133.76829103442518,173.5248922790207
2022-02-28,313.1883088151076,132.64396841467536,169.62420857091797
2022-03-01,317.5407025579241,130.99421595700255,173.97943287641257
2022-03-02,318.4233716686263,129.40970324423125,176.63854290921088
2022-03-03,325.6240156388433,128.2494587742006,176.5635512332429
2022-03-04,321.4682999577679,130.22971303819466,175.0652860920354
2022-03-05,318.30988976275944,131.52600874772955,173.23423387576958
2022-03-06,303.98030664691953,130.64147705080558,175.8210562771329
2022-03-07,310.5993979427916,133.40583879605342,182.4164910578769
2022-03-08,312.43689372503553,131.53788792616808,180.70396381570947
2022-03-09,303.4512759141782,129.36275008062105,184.0666972172342
2022-03-10,293.69380018817657,130.56591410647127,183.7205799085095
2022-03-11,292.03484832766424,132.7853311489524,184.78200561501333
2022-03-12,295.24600405256444,131.56800739855922,188.8825708479118
2022-03-13,293.478138715059,129.4223773076872,188.69245966214405
2022-03-14,289.9397728244244,132.21299727662392,189.93108215846297
2022-03-15,285.6149215191401,129.4350671650196,191.13249200933114
2022-03-16,281.4446641077157,128.79599829702457,186.7410525306688
2022-03-17,273.8833687635462,129.93180765382095,188.72210463354756
2022-03-18,268.7894777179877,133.38661055565817,187.36017945338457
2022-03-19,263.151524464814,133.6981685098587,182.53585098848973
2022-03-20,266.1800642047457,134.5085575087654,180.9358007408369
2022-03-21,265.78908661644414,133.63475811300205,179.63207440044758
2022-03-22,263.80826752715467,135.53815877138058,183.8852702897397
2022-03-23,273.52509252307095,135.20256570318168,180.0174023147626
2022-03-24,271.52806203506856,132.84256280032682,178.4314509696967
2022-03-25,277.31021045096423,134.39097465854513,179.29729626041694
2022-03-26,285.9832022424515,136.55058690263098,175.97331289538405
2022-03-27,278.3993937435497,138.04629474450297,174.10726271361867
2022-03-28,278.1777801468587,137.79937123462102,169.05861417642458
2022-03-29,276.46375093622316,136.37070963893913,172.08393575858375
2022-03-30,274.2965711131493,132.46569778618934,171.65062046706538
2022-03-31,277.85731544480757,133.17277342400016,172.1830698315661
2022-04-01,275.0092435784592,135.17741191088106,174.85810400274374
2022-04-02,272.3016000376056,136.8134341926043,172.5634372857447
2022-04-03,270.36559869842847,137.7379755348079,170.9532508575538
2022-04-04,269.4211021780042,137.97711161106136,168.51504888270887
2022-04-05,264.49743898868434,140.24554239561903,165.90577953868706
2022-04-06,267.501516548571,141.65116422017775,163.01431303686695
2022-04-07,272.0647007847234,140.6517891067187,161.51297368605898
2022-04-08,273.4224642158205,141.7938313572857,160.3433548777621
2022-04-09,270.5639900794868,140.17482973181055,160.46207515879738
2022-04-10,266.75854380282556,140.90318848764082,157.81288368087837
2022-04-11,262.7608330338515,137.99917926064032,158.17563227822643
2022-04-12,273.440220893046,135.59539052960238,159.31314266747606
2022-04-13,277.4104150977692,137.297054024896,157.81416187344732
2022-04-14,272.1993092562051,138.42608165646138,155.04618890640626
2022-04-15,274.7483219568282,140.50226294623192,156.27261930447693
2022-04-16,274.1966204747534,141.23837506830006,156.41067520440305
2022-04-17,276.45116097203754,136.4340364206426,156.68100364116924
2022-04-18,279.4025559631943,136.4458088265959,160.9634537757088
2022-04-19,285.14199139384357,137.5001847512486,161.41815167045553
2022-04-20,282.1457713090688,137.0355368242093,160.38440293884693
2022-04-21,282.0910640201669,135.41811910447774,157.73689802647263
2022-04-22,274.7780295750669,138.58402789147536,156.13588438633488
2022-04-23,268.5672665784523,138.28237114810509,152.249536612297
2022-04-24,271.73315544574996,138.6247329733187,154.05320747805413
2022-04-25,268.0359203786,140.43107904936105,148.91878641727328
2022-04-26,265.3434757744421,139.11737540278926,150.75829588109815
2022-04-27,267.48696974014405,140.60282766840507,149.865975481265
2022-04-28,269.8654283321322,142.68037883310058,148.13995404749357
2022-04-29,265.67019385937573,146.5905566820966,146.35200311639994
2022-04-30,250.01038556083614,146.53177630544326,149.74766715310238
2022-05-01,246.99410000173935,146.44509766018666,150.20652998137658
2022-05-02,251.19809669066643,146.3771076171659,151.5698018254747
2022-05-03,251.8497503960976,146.34970503739058,154.32934501735036
2022-05-04,257.1852455426949,148.83417460932628,154.45301043081363
2022-05-05,252.40032530104259,146.91085663653564,151.56082777102543
2022-05-06,245.00534911233018,146.1127658298088,150.7898383384073
2022-05-07,247.56075437937386,144.24261918321133,149.33170052372688
2022-05-08,249.46174273058833,142.75847684445912,148.63095605328692
2022-05-09,251.34032552410088,143.78825897932322,148.73432222238404
2022-05-10,256.74594279351487,146.11835244865594,149.19632986717232
2022-05-11,259.0544376651644,145.05896033445848,150.4604158669251
2022-05-12,260.04261844320024,146.10039864874213,151.3592061041261
2022-05-13,264.4461849403833,148.9627428960367,151.713416758671
2022-05-14,266.3844513704247,152.70205209267465,152.51250630229922
2022-05-15,271.19563186184405,153.30751017255704,151.6298840741617
2022-05-16,265.4857898831033,146.21417930539138,149.0557830252967
2022-05-17,273.06541808640316,144.47848936571268,147.9511658624949
2022-05-18,268.9293126611275,141.72478923182405,150.28541951497428
2022-05-19,270.5458143666182,143.80172842858948,146.34575107944522
2022-05-20,270.0234799642509,141.4838103605881,146.0820882001641
2022-05-21,266.1621456192776,143.81256036907195,145.2827748574246
2022-05-22,263.2060139159025,142.20123493537494,146.04831594975738
2022-05-23,278.07347876362877,147.56030630053337,155.16143796147134
2022-05-24,280.7911800935706,147.60721155680162,152.4093037306273
2022-05-25,283.0968703036301,146.36852841980073,149.8616299204199
2022-05-26,281.95095593934644,148.18371436070512,146.4300087048249
2022-05-27,281.83190784628954,151.78287806030463,149.5615542190446
2022-05-28,286.6822711589294,150.8672806184141,150.74471473456163
2022-05-29,280.03109114466827,150.27761926037823,148.40643566233533
2022-05-30,280.0617411643087,149.87149518648204,147.28411303417633
2022-05-31,281.53300729770615,151.50653153929142,150.7090822916475
2022-06-01,285.2280057064274,151.17558844099753,150.03251700921803
2022-06-02,278.07497573024386,153.7086568813812,148.8891891214935
2022-06-03,284.820254586391,155.8157018479167,146.72192042910532
2022-06-04,285.1636835946396,152.91340231936638,143.9119406977311
2022-06-05,286.3728423908264,153.91821696560763,146.67745512843464
2022-06-06,285.59135569673884,157.74400529891219,151.36637451400415
2022-06-07,287.68996084781355,156.35131332557273,148.64343606794304
2022-06-08,288.22173014605045,155.86059388559045,152.2569847842721
2022-06-09,293.84810518586943,154.4839923066663,150.81339695460963
2022-06-10,286.54950880333655,153.34693644114307,152.08808500978438
2022-06-11,286.2497609646907,149.25931310182375,155.02385040203214
2022-06-12,288.2116696570777,146.53387688802738,154.62228709472637
2022-06-13,287.2525241765339,146.64490111555736,153.77249601910637
2022-06-14,285.85492281253124,149.97112765802862,156.12307169337114
2022-06-15,284.39619672827723,148.8699561237701,153.48236468913134
2022-06-16,284.3601442944618,147.08298874097588,155.91243028619274
2022-06-17,276.6899298177912,151.04294412878852,156.85461722336538
2022-06-18,281.6266514336945,148.92430835773914,155.54508772898953
2022-06-19,279.60440361216183,145.7321150817059,154.1742239371191
2022-06-20,280.3404164500601,144.13861855708296,150.7816837289977
2022-06-21,281.8106371401011,142.66389063001063,149.29535766964696
2022-06-22,279.58377175995224,139.45093244399052,148.81479193749794
2022-06-23,279.4803516242508,139.4473772145749,146.5269514673272
2022-06-24,268.51927634776087,140.56482130510452,145.71533311018788
2022-06-25,271.61423206630957,137.9434202017183,146.67893966177022
2022-06-26,276.6289017346347,138.04154927383053,146.11987806403954
2022-06-27,268.9836081578795,138.93159355871902,147.89352733681474
2022-06-28,268.1934472716561,139.31136175165886,146.54509714136245
2022-06-29,262.0755873392953,139.3805139953739,148.70160496559134
2022-06-30,261.0030353161158,139.58626697046205,148.84311879476996
2022-07-01,263.65222672671786,137.8787952364332,152.49923823910382
2022-07-02,267.6589326989587,140.42245652552126,158.35689763678232
2022-07-03,272.72275738321537,142.71693791099574,157.04667193002757
2022-07-04,279.7018607171411,145.41355219974895,156.37925238060558
2022-07-05,277.87633947942277,147.0117354407156,155.3247397359024
2022-07-06,272.9262328543947,144.13026253821596,157.11767758133175
2022-07-07,271.11952202941455,145.2602963955645,159.83819796015968
2022-07-08,273.7591623706177,146.356730749924,157.93905248941846
2022-07-09,267.8895951434106,143.2304501692805,158.84363663263116
2022-07-10,277.12582008670535,143.57347588397363,159.35916352099386
2022-07-11,281.3415437827168,144.0370364117296,160.92188551419957
2022-07-12,278.613354945214,146.42082519981668,163.96262091142
2022-07-13,273.6805672390053,147.03334903996333,162.40794315582545
2022-07-14,270.6986394100606,145.37349770382224,158.11161148464393
2022-07-15,271.66686792712403,149.06987072308073,160.41328025408816
2022-07-16,271.02609364331465,149.36905859828042,158.49078600366502
2022-07-17,275.7581691225921,148.9685654924235,158.26985947473554
2022-07-18,275.2220566054746,148.8699984997191,160.9475699633702
2022-07-19,277.30818708193766,145.42391868265614,161.54547877011245
2022-07-20,278.04133772988433,145.63919057389603,161.78219363022043
2022-07-21,278.10107243118006,145.9553852881083,159.54227219906764
2022-07-22,276.37375863259234,144.83867799963693,151.7735459250055
2022-07-23,278.3900917905735,144.92455870779256,152.7659513523461
2022-07-24,281.7727180098071,143.15456257791223,152.07607986242814
2022-07-25,284.10258086880395,142.90178198695426,155.94274270256537
2022-07-26,287.3169804925721,143.60737399872858,157.08659720709048
2022-07-27,282.8676150694612,144.04556418227753,155.79863917991895
2022-07-28,283.78846585536354,140.57814194047683,158.18341159319712
2022-07-29,289.9261412512907,139.70215547484295,161.1770758363784
2022-07-30,291.2196256699191,142.33469070595174,159.9473301875369
2022-07-31,287.4210860226578,142.00841260250616,163.83343417564487
2022-08-01,287.0444487597043,141.9501349970537,162.27276096926852
2022-08-02,288.6138633135879,141.61529582030718,162.53248047585495
2022-08-03,286.3822039541147,145.38030394281185,164.90943088585087
2022-08-04,278.8260114300097,147.45104583192423,166.50373739281633
2022-08-05,276.4985063349404,148.6217995481074,167.72095463873484
2022-08-06,272.2110589679467,146.2233714405688,166.33216814360162
2022-08-07,272.21306504894994,146.9506373790736,169.38160874916946
2022-08-08,265.3323880349108,148.32112105276752,169.33145994250478
2022-08-09,268.6347998336259,147.2915984736744,168.2106708895643
2022-08-10,267.9110728337135,146.73852558132137,168.0620816013244
2022-08-11,270.85838907381316,149.2288171337241,172.43355654590928
2022-08-12,270.18853908688226,148.93539466285827,170.74083289579838
2022-08-13,269.74233333651256,152.032769902888,174.18543502289117
2022-08-14,268.5886140922913,153.88217234836796,170.7445806238136
2022-08-15,265.04833344631425,154.49507566347586,171.87449103321137
2022-08-16,275.97268676842594,155.0707476952582,172.32175384176026
2022-08-17,275.1472941668387,152.97634140226148,177.9106378240094
2022-08-18,280.86012104104606,153.8369364825154,176.54132886228868
2022-08-19,275.7689045066893,156.8817529645384,173.95955265226613
2022-08-20,278.785230265812,159.02130283269915,174.41038751563238
2022-08-21,279.95573537188324,158.6789387962956,178.52219725962053
2022-08-22,278.84953953192917,161.82449292447487,175.32043771861157
2022-08-23,274.42692303988906,160.40709304577356,166.96967715599487
2022-08-24,272.7351269155692,158.77188692975747,166.85758516911613
2022-08-25,271.10481303693797,159.22642958698046,169.6305620435221
2022-08-26,282.7595878891305,160.98770098997053,166.96284990350523
2022-08-27,282.90546498348573,157.39236314731932,169.44920914102042
2022-08-28,284.40548225270544,157.38136046012534,165.95437401040078
2022-08-29,294.08017492985584,159.5476874836771,166.030134058665
2022-08-30,290.02209819103547,159.12458668788562,168.2849105419244
2022-08-31,290.98055713105106,161.93107109386122,165.48601265041736
2022-09-01,288.11574198860194,162.4745492986668,165.11339192785738
2022-09-02,288.0896488876511,167.46882897794143,168.66292331138558
2022-09-03,286.3081695282615,165.22089651288348,169.45272572767692
2022-09-04,282.5125013984842,166.9463241231877,167.33644563642335
2022-09-05,284.0466218917498,164.97020331211073,171.89773087816351
2022-09-06,279.10430614380147,161.48151785761107,173.88680712519698
2022-09-07,283.31165324807887,156.71077457494215,168.29708687759316
2022-09-08,286.5033279047718,157.9087771542853,170.77671769256983
2022-09-09,282.8939591247588,157.62411925284275,168.47624380445927
2022-09-10,281.84029396452434,157.1905843240759,169.6766192345538
2022-09-11,283.13565431894193,153.39663452538434,172.4749335315955
2022-09-12,280.34888438059573,152.52320169334806,171.58379113931414
2022-09-13,288.91837969116943,152.33433739605678,166.82262206002912
2022-09-14,290.38260874894655,153.78893859692147,170.803507746823
2022-09-15,291.82247499988284,153.4457652035809,173.78030701366995
2022-09-16,296.16700018981516,154.4192934507724,174.06632212923998
2022-09-17,292.7318128858851,153.3477102239061,176.225896828193
2022-09-18,298.9722526527023,157.3758316629462,175.5815198391058
2022-09-19,299.3560076056484,155.07818874699396,175.73782062785372
2022-09-20,302.6558084818816,152.73703336864932,174.35938412307016
2022-09-21,301.24649688052114,151.50112015931114,173.20127479338086
2022-09-22,307.22905390460556,152.12961893023257,173.68912979091166
2022-09-23,309.53107980399864,150.0565842281128,170.37821429544366
2022-09-24,320.41988617321704,149.84050076536153,169.14464541106244
2022-09-25,319.42425820060726,150.63563294510845,170.56429338608896
2022-09-26,320.60991326128317,149.22323181653687,175.81143272917936
2022-09-27,314.9413513993808,149.8568168992699,172.46339113406887
2022-09-28,312.84783601568176,148.1567139188046,174.35775773001922
2022-09-29,317.2458633300973,146.39603715432048,176.75026163724246
2022-09-30,323.6007304286724,146.62727305072553,171.4636440907818
2022-10-01,339.94881471028555,143.06070719921527,172.30133404682354
2022-10-02,337.72987191676486,138.23186099559462,173.96570881054083
2022-10-03,331.805847341795,138.99110860239173,175.3721999026202
2022-10-04,335.67483824058104,140.76834970284733,174.88469600836237
2022-10-05,329.4805236809442,139.96389552195245,175.97694221066962
2022-10-06,332.50663325379696,138.59439722934604,176.36397495486247
2022-10-07,330.4817684492016,140.82629283518904,171.98932789094334
2022-10-08,331.2312590280749,138.43290062055232,172.2957796269031
2022-10-09,337.607047869179,135.90831454938157,171.30960909468573
2022-10-10,338.31743054634364,137.74274136042231,170.02668560080508
2022-10-11,344.29692675196264,137.9402634542112,177.3460735678963
2022-10-12,349.60745503308493,139.9648779940645,181.07257843684587
2022-10-13,338.0917136717086,135.74103419875897,177.4443998242427
2022-10-14,332.39605541737313,132.96339336886774,178.1977369338737
2022-10-15,322.8803628290521,132.6879740593193,182.13301000452887
2022-10-16,333.8260157218767,133.26557513504474,177.50591342183935
2022-10-17,334.1301323765498,135.1480748925317,178.21175382637773
2022-10-18,344.46410647838775,135.41807956688018,178.53555990281862
2022-10-19,333.6765913006087,135.21167633157427,174.20098073311752
2022-10-20,332.3245725125474,135.25413696737505,176.29007881534076
2022-10-21,337.4075026850402,138.37767362805602,179.79355132169957
2022-10-22,337.18064053288646,135.775010371682,183.61505053768178
2022-10-23,339.99552880216737,136.2976773154673,182.7046295212543
2022-10-24,333.00285863364815,134.56509553098962,190.49522790486645
2022-10-25,342.846214731772,136.27287604351196,185.23509490810304
2022-10-26,346.4807301850969,133.95240317893305,185.786872806676
2022-10-27,350.05785483177016,135.7433560557776,182.1620130204984
2022-10-28,347.5794810921947,136.55894678190666,183.2776766988095
2022-10-29,349.0260053546818,139.61573143516475,181.4525371695627
2022-10-30,347.14761273476944,139.00738411416054,182.89651336831835
2022-10-31,336.50060153399346,139.41979252463503,182.02957880483055
2022-11-01,336.15696759896,137.9055961794997,179.55166582644821
2022-11-02,335.3677690298352,137.3915470088523,177.38823180625315
2022-11-03,342.37574992702264,137.90021865668197,183.5278019775212
2022-11-04,330.7301530569179,135.5589654479717,185.5492324010586
2022-11-05,331.48108374908924,132.7077138451373,180.10990002240746
2022-11-06,323.14605533293695,133.04828748339187,180.76091002722515
2022-11-07,325.05413487519456,132.81403099271222,180.25418727761232
2022-11-08,327.5904262684067,131.9033989546495,180.50703163923117
2022-11-09,327.495776367131,130.72572416445465,183.16515542580282
2022-11-10,331.90838413490087,129.40034079308978,186.6548743692541
2022-11-11,325.14082922244194,129.68375226355445,184.19871475158797
2022-11-12,333.028352570791,131.09683079109357,185.02863569670956
2022-11-13,329.5264254548511,127.6108177999047,183.67413668061116
2022-11-14,320.5973119561475,129.977337836679,185.3563731407189
2022-11-15,318.76262980382097,132.21031163017517,184.45650373317235
2022-11-16,307.45166430157894,128.06012907427245,184.5333744176225
2022-11-17,310.45027184074013,130.62875718657483,184.70611467810946
2022-11-18,309.03874625186376,132.4803643318553,184.36601216557253
2022-11-19,315.7962126046395,132.51115166449063,189.66196532998427
2022-11-20,319.0317704337731,130.04254727712413,197.0528739854967
2022-11-21,312.6739790503026,132.31444853087973,199.01243741033994
2022-11-22,310.17413068343234,132.69728500797416,199.94555463030346
2022-11-23,313.5282928345617,133.90776902691192,195.14296824781053
2022-11-24,318.3556789145851,138.0778780108169,192.86114968233272
2022-11-25,325.30828053201225,138.60578065449496,192.5683122386302
2022-11-26,330.0042087392482,135.93814891338923,189.0328084952847
2022-11-27,330.3844512954074,135.6622662762063,187.65928302272627
2022-11-28,332.7378259938848,134.30843897849493,192.72803969384566
2022-11-29,340.8417261401073,135.31269494779275,193.15276787925055
2022-11-30,338.49465318337496,133.58885644412348,193.20143990643845
2022-12-01,340.4792715158141,132.61754170220905,190.94141709418201
2022-12-02,338.30413160590894,130.1978688416865,194.51283928204074
2022-12-03,336.3015605427127,130.40068447692613,194.51922732647185
2022-12-04,336.35339552408726,130.60327585227253,192.7312663733654
2022-12-05,334.6503475292974,126.77879884901833,189.09142561622235
2022-12-06,334.48235899357036,127.42675714461573,189.23099905647922
2022-12-07,327.4475380159185,126.89640858849195,186.88655026425454
2022-12-08,326.40147272685164,125.57176077824903,192.13071206459566
2022-12-09,328.4421728930199,128.87097554453496,197.73700334395994
2022-12-10,323.1174023703345,129.74845210030955,192.5597286386938
2022-12-11,324.8672086407733,128.48982119390496,190.05990485493442
2022-12-12,326.4812983874789,130.26914521225234,189.68675700273428
2022-12-13,329.706502822639,132.73592185987204,187.5543326184272
2022-12-14,329.26333763966886,133.07799499111536,188.40082234746103
2022-12-15,334.2625276696215,133.21933251273356,186.69780039279573
2022-12-16,322.05494257117937,133.67787517388598,187.37086753404338
2022-12-17,339.724319805135,130.31882937853524,191.07482717247157
2022-12-18,333.7506680757936,129.61466314578067,187.2530749159326
2022-12-19,333.69437382268745,128.2472226771591,188.9944177706525
2022-12-20,328.2708682871291,130.71258542003633,186.7060202130589
2022-12-21,331.94301076319823,131.28831638485457,193.40285306381375
2022-12-22,333.8141519563807,130.8494744326243,198.775919391627
2022-12-23,330.9771239056798,131.01272871923643,198.93101200029244
2022-12-24,337.93349246528084,133.13496203838068,196.28278234154223
2022-12-25,337.39760458425883,132.94291774321258,192.8418440071369
2022-12-26,341.9558252585708,132.20267863764366,196.4012181053731
2022-12-27,335.19623508431835,131.1437749343609,195.4961027213035
2022-12-28,335.6785987747601,133.0664945947905,198.87238388992284
2022-12-29,348.24386349387225,134.2546032023445,206.6523167637728
2022-12-30,352.93004147551994,133.87447649303047,203.38279185337956
2022-12-31,353.3743690742979,133.6579519722851,198.49642191851407
2023-01-01,350.02420394203494,132.3845150360315,198.76844750231047
2023-01-02,349.89651760521934,131.81124919801445,202.22800631180507
2023-01-03,352.0395220374151,130.96439020668646,199.6816170683609
2023-01-04,354.2848543206079,130.23693886616076,199.51604329442085
2023-01-05,347.0294152662972,132.34328864593047,203.62417142615035
2023-01-06,350.5680901210614,130.21444040685472,197.96326454585736
2023-01-07,345.3892432199179,129.47596291178004,199.48115469667633
2023-01-08,355.3980791235919,127.33042447046792,197.81968780003805
2023-01-09,350.67885584841184,124.77915669620876,198.20469695109048
2023-01-10,352.51897684166903,124.45742062887467,200.54746284489386
2023-01-11,360.2003887092614,123.93551418158692,202.14163013718613
2023-01-12,357.9936052540911,126.69432077877946,198.45761636704597
2023-01-13,361.6756093796378,126.74462395737125,197.7054652373357
2023-01-14,371.11781923554383,129.10060638393028,202.59659687627166
2023-01-15,374.73282340151115,130.78433856645853,203.68496629606554
2023-01-16,380.01665044309823,131.43220870946138,208.12933760705164
2023-01-17,368.12146869508985,134.87579935755767,208.41889098407077
2023-01-18,362.02823086180024,135.26416872415842,211.07364877973907
2023-01-19,367.4400909614173,137.6117949634758,209.02126612961314
2023-01-20,372.2814620139669,140.68019087301326,207.09851536820133
2023-01-21,378.99148290517707,142.2280003053979,210.84949205275055
2023-01-22,385.2323072888495,144.4399455599117,215.93286429329243
2023-01-23,395.4732838135475,146.24137762358384,213.60998559176613
2023-01-24,393.6436236908557,143.94068133910227,211.57147737299726
2023-01-25,394.2097439959221,143.93616348027777,210.86880263776868
2023-01-26,385.49290253788706,145.3716735263674,215.5800652787188
2023-01-27,379.6334415923232,149.34664742258877,218.99234860835347
2023-01-28,369.7473539031459,148.1444449231397,214.69612925759816
2023-01-29,363.7781637237139,149.03628669475822,214.14816271857697
2023-01-30,375.249250966008,149.97843777071085,214.2356009151953
2023-01-31,364.42637677458333,149.3436311383069,209.62501410089584
2023-02-01,363.13785532806645,150.2925197776801,209.61456989155445
2023-02-02,355.1197315438728,150.70338931385567,208.60538801666348
2023-02-03,352.30678638508647,152.14774326301966,207.865268536458
2023-02-04,353.4314498669445,155.17156863347176,206.53494450731284
2023-02-05,347.8196884314756,156.20229998340682,210.77041152442732
2023-02-06,354.6447363435357,156.94283332034058,209.65944397476048
2023-02-07,365.41424463129084,161.50789446027906,210.58358960074324
2023-02-08,351.669079706893,163.99367906297348,210.45643206048894
2023-02-09,348.5362484427354,164.21615095527116,209.3047159176223
2023-02-10,347.95740187570163,161.05499306511422,209.01466901600276
2023-02-11,354.90143818128024,158.94139063615597,209.3155959558094
2023-02-12,351.63380673585607,160.71695447295454,209.29077662782214
2023-02-13,352.4618118211583,159.75268247996655,206.92601302355675
2023-02-14,345.7057494499934,157.64054622770533,206.3399749245319
2023-02-15,337.5750500416189,156.39674828981796,209.44717842648666
2023-02-16,347.3372391700734,155.49808299263495,209.60770728523795
2023-02-17,337.4774426296554,157.67256111337633,210.69286796596757
2023-02-18,351.71368478154096,157.51141087802222,211.5373208809834
2023-02-19,355.2399993223071,154.17524816060086,212.4506884265055
2023-02-20,359.5828219972095,154.28304895530098,214.49833251311793
2023-02-21,362.7526325991709,154.546962603068,213.63962089451059
2023-02-22,360.9691737224213,153.42846190414426,210.34660683452245
2023-02-23,363.1736272985067,155.72822448641213,206.04355890889988
2023-02-24,361.09267741914766,154.42690508809204,208.99605955677106
2023-02-25,362.5923450852304,155.90705320127924,210.51780876691282
2023-02-26,361.82100603668175,156.90824983678337,212.44277970282636
2023-02-27,356.32396410988156,159.03179619773303,215.5048191650567
2023-02-28,349.74437999401516,156.07821872430588,214.1594841156173
2023-03-01,344.0434558308022,156.33875096367328,212.0826731317289
2023-03-02,351.96161955222453,157.1625150381235,210.00516466244974
2023-03-03,349.4807673279944,154.68276741515376,207.02661295919853
2023-03-04,340.04519653491457,157.8293596513025,212.29474054702362
2023-03-05,342.9309698836403,156.31669544704636,210.92938821105218
2023-03-06,353.34886832237584,155.61971569001918,215.44150592808282
2023-03-07,357.47768830604895,153.19856132178293,214.4108076842453
2023-03-08,353.2558025365272,154.4125188953977,211.72838919346938
2023-03-09,340.9935251735981,150.01968629850077,206.31860816376368
2023-03-10,341.5753563288458,151.86095818084584,205.16527007173605
2023-03-11,342.37471701360175,154.77637441531394,211.03069714570998
2023-03-12,336.2970029398755,155.69739353138596,207.05716604459607
2023-03-13,339.40032102782783,157.13793550581013,214.30271804006344
2023-03-14,349.75232796902617,158.4573067473483,210.9809482751821
2023-03-15,351.65480263410126,156.65377827565436,213.9271406873288
2023-03-16,353.9752476829242,160.3105579962578,214.2358852350314
2023-03-17,346.6200297370186,158.51934202905807,212.08865473070978
2023-03-18,355.64510266254473,158.61644213810624,208.06924293965304
2023-03-19,355.05259163260484,157.81493719220438,207.65414839631313
2023-03-20,351.81386647829487,158.97109362736134,203.91187742771754
2023-03-21,352.845081139327,158.0776619537126,198.73948773407417
2023-03-22,355.6860498215759,158.17734623498157,199.10607116413917
2023-03-23,356.59165380623523,155.54090370497894,197.06992920443417
2023-03-24,364.0086581195838,157.96614492063713,202.54862827471314
2023-03-25,367.6490972469649,159.9171161797439,206.57647429188168
2023-03-26,366.4859764344297,159.53002322704683,212.75707620674098
2023-03-27,369.43629213509035,158.66763144045518,210.63139317561752
2023-03-28,371.38834634925826,159.5036239571019,210.39295525380635
2023-03-29,362.93838505195174,157.84273596012463,201.400781391291
2023-03-30,371.33696627232797,158.58243671414064,201.105486611727
2023-03-31,369.629764173091,161.16763779862407,201.54303732205074
2023-04-01,368.7819533384095,159.76605685132205,202.5414279055863
2023-04-02,375.7067822213049,161.46043844729834,203.56464883237774
2023-04-03,381.9136129036118,162.7036829209105,204.51218585203893
2023-04-04,377.614085665482,162.58063248980235,195.76370488828428
2023-04-05,382.46422533907366,161.26892360229814,196.37502125860587
2023-04-06,376.03616024385957,162.7631504300158,196.5208154758212
2023-04-07,387.985302150335,161.4114400966476,200.8674062232693
2023-04-08,382.28983232802244,157.3746875982317,201.97852044618784
2023-04-09,384.4917695863109,158.97938490007482,201.87286858220332
2023-04-10,379.3475907977436,156.37788940890684,205.55967535642847
2023-04-11,393.9551874274828,157.7490622247972,197.66186727113907
2023-04-12,383.7248108860078,159.83893321948028,195.03346576966595
2023-04-13,386.2981896908304,160.80722071145408,192.13749751519674
2023-04-14,382.1698474764833,163.4408587819669,192.38936556172385
2023-04-15,381.9888078117957,168.87632640952293,186.65484969039727
2023-04-16,385.0462026898763,171.1077816270153,190.76539921426712
2023-04-17,393.80555028146017,172.09511013536095,190.25860961715594
2023-04-18,406.2733817008576,176.49886554919516,191.88413140860362
2023-04-19,394.8604871521156,180.37807397379322,192.20606903900565
2023-04-20,397.2999939712986,185.01496866910875,196.522710912975
2023-04-21,406.709267979588,183.42395013136962,190.26612037083635
2023-04-22,396.31819733309356,180.60902730867306,191.1953986344149
2023-04-23,398.8304002538153,179.39041717317963,194.99397310879633
2023-04-24,399.35544330454,181.3253457950785,194.9426978042797
2023-04-25,401.46092753408914,181.34393135241194,191.55572531387324
2023-04-26,397.19286511382916,181.27241450123122,190.16065018474052
2023-04-27,390.16086876989624,183.84344876360228,190.21391037592733
2023-04-28,376.5169816834783,179.70307488483303,187.4886119605737
2023-04-29,382.68844610141565,179.9162246964205,186.9121826858716
2023-04-30,390.4734206019977,182.84727547055553,191.80441081308877
2023-05-01,393.6133634333379,184.7005247792076,190.47351345921416
2023-05-02,389.5290811679387,186.18733951938876,188.7222129497018
2023-05-03,375.6615643542066,188.7426937039153,188.630330587642
2023-05-04,381.02649756809245,189.39670855790558,188.94393665988306
2023-05-05,374.91631410916125,188.20994548297892,185.3870066638708
2023-05-06,368.5636527339397,190.34577499793167,184.31459473029847
2023-05-07,364.3567672431715,193.10585071448,183.7624192491809
2023-05-08,365.00028595607665,195.53969816767648,187.67175394510906
2023-05-09,362.0132496670136,196.01931469597739,185.60361328581308
2023-05-10,363.40669367966876,196.63097058027932,189.2221140659438
2023-05-11,359.51074729107444,193.20201677617752,188.90344435571473
2023-05-12,364.13233914508294,196.24868193666066,185.63489141797078
2023-05-13,370.677722784882,199.12193912053942,181.7045844589715
2023-05-14,372.7951496987037,196.3359313105727,188.25491315631967
2023-05-15,374.96729937674166,198.20407148132082,187.3514970878282
2023-05-16,388.1575636069502,198.8726705820625,189.88066581641755
2023-05-17,381.75315749466796,196.79018732779025,185.29786695151842
2023-05-18,373.854724991037,193.62228427392546,193.54377114181338
2023-05-19,380.0721430736744,195.46325650352415,197.28546342965763
2023-05-20,392.43412042354885,194.07210426507766,196.15176311633104
2023-05-21,390.79275245322606,198.95382612314455,195.22513949091385
2023-05-22,401.68346151799005,201.05158787120646,197.13723682971968
2023-05-23,402.54339479883924,202.4114710242776,199.43023468202114
2023-05-24,396.25018089610387,203.01498208458247,199.23233501202932
2023-05-25,389.14982050846527,206.47994756228164,199.06540200114944
2023-05-26,391.891088247009,208.03754661203257,200.13593159998683
2023-05-27,386.760662287476,209.94735172734556,195.0085685215619
2023-05-28,388.31046471504845,207.6812927356662,194.33163136865755
2023-05-29,397.2046670950236,215.48380968589274,188.23353599253082
2023-05-30,396.8831178911738,213.20225654309152,190.94570731360778
2023-05-31,409.1195569576064,213.95719684262798,190.35788916803398
2023-06-01,400.8963591866618,209.29172540316756,185.62768532398053
2023-06-02,396.64004118665366,210.48657166480274,182.95375534020752
2023-06-03,390.68768109442294,212.76271312227027,185.03412740895158
2023-06-04,389.81164514455065,214.20515848883443,183.76315503876359
2023-06-05,395.2842491432848,209.27780145764729,180.3560621487225
2023-06-06,396.1899405889347,212.63852351414036,175.5630475898528
2023-06-07,406.4291485023494,211.23761489648777,176.56284628158096
2023-06-08,401.8445350725615,211.0987674903693,175.15928201959747
2023-06-09,402.98919693799246,213.53188351026108,174.23602350174724
2023-06-10,398.3800713039636,213.74282708386713,173.36115838961672
2023-06-11,400.6421582125449,214.55077491448498,174.48732723639165
2023-06-12,403.1049585552432,216.30606105182912,176.4776168897461
2023-06-13,407.409498353995,217.6626186195254,177.00611925824307
2023-06-14,399.46496403271334,216.35006400781907,175.8581584667824
2023-06-15,391.7840840233997,214.95344194369517,175.21989582563984
2023-06-16,388.7161480137415,216.44387655272445,174.98623825525988
2023-06-17,386.7179144213791,213.56515908008552,170.15429315377986
2023-06-18,386.00436359928756,215.72310506108855,172.65614185827005
2023-06-19,390.72077065242803,216.52346198095614,175.22214855250843
2023-06-20,385.3154389178741,216.84980969729787,181.14166532476048
2023-06-21,372.9960723500295,219.31728522489436,187.17337292287314
2023-06-22,387.64221738901915,219.24056968949745,183.8693701386816
2023-06-23,379.12293091049906,218.07181149937682,182.3657108272372
2023-06-24,386.74097187812805,217.82246122895225,191.04811074264578
2023-06-25,387.73387239677805,219.24466129791378,191.3067963747675
2023-06-26,389.12722593148106,219.9649283975624,191.9301296945992
2023-06-27,388.4247656879052,217.55396628566672,186.8600591651202
2023-06-28,385.9147014111204,217.02306752522875,187.3456065625856
2023-06-29,389.8957653584579,215.5479991476614,193.80182845204723
2023-06-30,387.1109014479751,213.5388830722424,198.00451535470444
2023-07-01,394.88779318342665,208.50083291273393,195.9939063729838
2023-07-02,399.021253129726,207.94387424912978,194.8465763345765
2023-07-03,402.6214415287584,202.87299912217486,191.00170286603213
2023-07-04,398.89067297573064,201.45051494233172,188.24381979852717
2023-07-05,394.9569554717334,198.57766906669582,181.34666919946062
2023-07-06,388.29504161808023,202.07260631805337,181.7054422092018
2023-07-07,386.46758378678936,199.5443642673858,186.50370498753423
2023-07-08,378.9110984706821,197.08550394946852,187.24409254460792
2023-07-09,389.9066172200199,197.24557414557756,192.63521180647226
2023-07-10,390.5259929365782,195.8049466339411,196.19065952998702
2023-07-11,390.63863955238094,198.9286554225666,193.91770407187076
2023-07-12,390.30978522562816,196.44345076343623,192.1033306510437
2023-07-13,392.2842805927454,195.72422688223548,190.1608115612567
2023-07-14,409.93453595794807,196.8967871430816,185.19290341875669
2023-07-15,407.48529117610116,199.07280732232738,185.13725788597594
2023-07-16,403.6843591105839,198.37302723601402,176.86181547048818
2023-07-17,407.2503273832669,193.1714569085649,178.52493208425417
2023-07-18,390.7848133870851,193.15530830378492,179.11290725066524
2023-07-19,389.16069134739155,195.687260010541,179.5588955112012
2023-07-20,386.3492796324737,196.24009176028872,182.5437807831998
2023-07-21,381.97698314189506,197.94133120760225,184.1642673926803
2023-07-22,384.62658973528966,194.70435241355057,188.81482490639792
2023-07-23,384.46329983881077,191.3481992989071,190.4920136629987
2023-07-24,372.3742147300366,191.1926276554066,187.97142799724529
2023-07-25,367.0650672415391,186.88121685924136,186.63928957008315
2023-07-26,346.99327612692827,187.69087942799467,178.69429196779765
2023-07-27,348.6683650692567,185.46821355652034,176.02714713960984
2023-07-28,350.6746945854544,185.53468138897807,175.08154753772897
2023-07-29,346.0225392452699,180.8656367259617,176.70705856815172
2023-07-30,349.2631290256878,179.87366545401343,174.54890383297732
2023-07-31,341.8399585134312,177.07366788055683,171.1195787678796
2023-08-01,337.40350396596364,172.1690484149454,166.50736677845737
2023-08-02,339.7972451467301,173.39190676148678,164.8666022072429
2023-08-03,335.3620036655281,177.0521352280176,170.01389773241482
2023-08-04,334.87082200787387,179.69108959672693,170.70370930813564
2023-08-05,332.37172682138197,181.72659184423665,173.72622752091428
2023-08-06,331.5882222057713,181.5288016758523,171.99532421641484
2023-08-07,329.02494227941656,183.23694097715276,167.36841686211528
2023-08-08,325.2933667263455,186.41573014815606,164.17594934318103
2023-08-09,327.4706038435632,187.00504582373168,164.15473082672668
2023-08-10,323.12372660781773,183.51679087231875,158.45985242859555
2023-08-11,323.3784638108978,182.33964238473186,155.94706195997205
2023-08-12,318.0721940657782,185.85697374738814,153.83921612527755
2023-08-13,308.23685944893487,184.735077798532,149.7960914944227
2023-08-14,313.59751459702846,176.8325792079495,144.90263249412263
2023-08-15,316.0884795447436,173.18557960639177,145.49014999515904
2023-08-16,329.12911005878715,172.34439294765244,145.7528696153781
2023-08-17,323.3986043126131,174.82676491442038,147.6834133792492
2023-08-18,321.4376441987333,173.71712677982347,144.65281379775766
2023-08-19,320.8304626536743,176.24955173827138,146.51103122777533
2023-08-20,325.3022942994613,174.39254915431624,149.75386107721954
2023-08-21,323.9804607271587,170.5778543651359,151.0907540637871
2023-08-22,316.34362939544076,168.79736506313623,149.0404510921878
2023-08-23,322.949862836903,169.53932505991102,149.37436455775776
2023-08-24,320.3316997070389,169.662060990815,147.3719680401591
2023-08-25,325.90916090972314,167.1324658011717,145.71203744855518
2023-08-26,330.0392517136707,166.2185284436971,147.27346750445662
2023-08-27,329.50672117363433,172.18163365973584,146.77477597459753
2023-08-28,329.513239221474,169.81076995321675,150.1443581188617
2023-08-29,327.47884040222294,171.40539169337526,149.13968715369535
2023-08-30,328.05040704872454,166.90656170510331,148.60567745979836
2023-08-31,332.1459898546081,168.43305245073452,146.86089194443525
2023-09-01,326.3743306490452,165.74180607983928,143.6353523334366
2023-09-02,327.24067264323577,166.75031287636227,145.67619228585926
2023-09-03,320.8346977958451,163.73818853143445,150.91607847487265
2023-09-04,316.1394547121617,164.7409513001058,150.3244539885068
2023-09-05,316.03977404132286,162.7274057708045,148.68797233776343
2023-09-06,305.8903117194079,161.30090019092825,147.0402505291795
2023-09-07,315.58755641268465,161.53287932230745,144.76048143516684
2023-09-08,311.1030143138648,161.55244787843506,149.61363705395615
2023-09-09,310.87723286801764,162.3560081999587,147.85494243419674
2023-09-10,317.9862019865891,162.3217820324291,146.81864547707474
2023-09-11,312.6443965961847,162.10991874104525,143.56084833487117
2023-09-12,300.9230255251313,163.28922447669498,144.4503550284717
2023-09-13,297.5878087413859,161.92303949362073,143.79117915152253
2023-09-14,293.6785504730413,160.01256423588652,141.39474497684907
2023-09-15,282.21119758905104,158.7344190021631,139.25251641261994
2023-09-16,283.7525716703035,161.39198079379133,142.87051540556484
2023-09-17,285.48997892306096,162.03095497896703,143.3101147683859
2023-09-18,290.23548579315207,159.62891884603476,143.0833046006669
2023-09-19,284.22480505019496,160.2199448768614,143.10142712189145
2023-09-20,277.0256042341163,161.5081471651892,146.67090308518576
2023-09-21,276.9627790731889,163.71592653101087,145.1679998079414
2023-09-22,276.55365546721566,161.5344146778207,144.23245683625245
2023-09-23,281.59258643154647,160.3764429183581,144.15371969599332
2023-09-24,288.55359651144926,158.90289865073896,140.16138347051196
2023-09-25,296.46413298571355,159.09753942704597,138.95143175094898
2023-09-26,296.4606165955968,159.47815373604058,140.68984142231875
2023-09-27,300.789417850962,160.21198760482207,142.5568663959622
2023-09-28,296.1611742209311,160.29522763119536,144.13208078311553
2023-09-29,294.92940026686693,162.1115387083532,141.72746357844923
2023-09-30,289.33954224635835,163.82681896857918,140.83940751243125
2023-10-01,289.9053052842105,163.6268916402105,136.8929439230858
2023-10-02,290.23287949774783,160.92317108122913,138.94447856940923
2023-10-03,299.0076206701962,159.36329552633012,141.48268604150675
2023-10-04,300.7469637590494,160.3245066802223,145.3973420581363
2023-10-05,301.1180843336316,162.06224667907617,149.22366478537376
2023-10-06,302.94756918583147,162.29640232423597,150.55482504586624
2023-10-07,300.1327149254313,160.586215359846,154.22061690621388
2023-10-08,296.4172178706212,159.1833644679313,153.92010546509246
2023-10-09,303.04414840907396,158.96468190499476,149.48428690385293
2023-10-10,297.73418892632685,160.7480025671434,151.4910792900774
2023-10-11,292.7647417485794,165.18339725159603,147.97123142237078
2023-10-12,297.38165455628604,165.3528320477453,148.97332333507097
2023-10-13,303.62732103603923,165.36743178238677,151.45232240834952
2023-10-14,299.3164721621638,161.56670076849585,151.2802257455278
2023-10-15,296.8902628297237,165.75084679329606,156.9405672755401
2023-10-16,300.8812663631685,164.0173580536821,153.30616855951027
2023-10-17,297.1657610766883,166.58234743300733,153.0604629063633
2023-10-18,294.3121931911194,166.3565357740758,153.67921098470183
2023-10-19,300.21099594311767,165.7746183375275,151.06355150809964
2023-10-20,303.7000906058477,163.44977924731532,148.40004353979964
2023-10-21,310.00594597181083,168.5238161202533,146.049781721373
2023-10-22,301.2684286449989,167.84860209925083,142.43882666532096
2023-10-23,299.42932459949884,168.28960021264314,142.54286254518422
2023-10-24,300.2874111462491,169.96591148457023,140.8561220941803
2023-10-25,295.83551066372206,168.60811050457195,141.72944805382463
2023-10-26,298.14811640288644,168.02832449848418,142.77825156063608
2023-10-27,304.4004095042327,168.07128127498302,144.09660124282672
2023-10-28,301.52816076260154,166.97097447552386,143.21001055660705
2023-10-29,302.1093410301266,169.8967267884437,144.05877177623609
2023-10-30,308.9042747954053,168.87312640998874,146.10665201537782
2023-10-31,319.87404057043744,166.00187202856264,147.76761917120172
2023-11-01,323.58141932679865,165.07349986080254,152.14135013938667
2023-11-02,325.4269576420061,164.85118431360738,153.91443345277128
2023-11-03,320.7205996540866,162.8554248785911,158.33015248369566
2023-11-04,322.88997321387797,161.12643265568738,152.07869500433696
2023-11-05,326.30358731078593,160.0587800265198,152.46109486552265
2023-11-06,326.606335788583,163.43624619704465,152.34476294277377
2023-11-07,323.19627922821013,162.2889237870345,151.99294581118926
2023-11-08,316.1759517942054,165.45868452424412,150.01383206567834
2023-11-09,305.95414023128205,163.5818256072378,150.56184207863308
2023-11-10,296.75601940883007,164.75512928989576,146.60194237265094
2023-11-11,300.0311816118963,163.8975149105969,147.72124316854212
2023-11-12,300.5541928706718,165.42549492079002,145.7441010429054
2023-11-13,296.48089358382725,162.03333217216547,143.78580324877865
2023-11-14,296.21391580792266,164.42527811454408,145.51037963664146
2023-11-15,296.33369048925664,164.1212290180356,145.2274858710657
2023-11-16,295.1050134506128,162.4562258034349,147.56558919603123
2023-11-17,288.82365669854454,162.31084742788926,145.46342777502352
2023-11-18,292.49498624592775,165.19228674772899,144.81391591341878
2023-11-19,292.8537499918187,164.80897715935615,146.35505860478506
2023-11-20,292.4653722778232,162.2400128293588,146.35702852665963
2023-11-21,297.479808315795,160.00364309628833,147.76362589752657
2023-11-22,292.9907957884557,160.89004511391533,150.2964322748405
2023-11-23,301.8849334352692,162.77755956235563,150.68587179054794
2023-11-24,300.3953083149524,163.88273369146273,148.78767357883663
2023-11-25,304.3334721176286,160.25313378443465,149.85413732685512
2023-11-26,307.82924732497025,157.49518666889347,149.30025943083618
2023-11-27,302.73757395929556,160.12817264432414,152.24779138907792
2023-11-28,305.0816078015983,160.67047148040473,153.02670383266963
2023-11-29,307.50014610455554,162.18004739757907,151.82042637633683
2023-11-30,306.8984453750246,159.6430041883579,152.28702733970277
2023-12-01,305.26839975804796,156.9134697615142,149.48692841145896
2023-12-02,303.3099607324396,158.23919250911194,151.08582387622337
2023-12-03,305.6992240572977,159.47688962114617,146.72441088297364
2023-12-04,308.4207944086749,156.93403491161615,149.5308756682364
2023-12-05,308.4451457792749,154.13310631207935,150.25126260437432
2023-12-06,300.17936339920027,153.6579483396191,149.62897850330762
2023-12-07,304.0026737440771,152.6154145047564,152.13805539372675
2023-12-08,309.07283406653244,151.5302023558425,154.0470912954437
2023-12-09,321.39095675856504,148.8669876678996,157.3576227704723
2023-12-10,325.8146566973903,147.16399590819424,160.02591971020655
2023-12-11,314.9278280209275,144.66530094506913,160.75216257207052
2023-12-12,314.9306023014884,142.30942395080856,158.25375622982926
2023-12-13,324.43038784218663,142.64759473396106,156.6138801530825
2023-12-14,327.40145003792514,142.28283889706216,156.1721834411926
2023-12-15,328.767137683219,142.984908988408,158.7297863211824
2023-12-16,333.67168959142543,139.6923063041455,157.43351881402978
2023-12-17,329.6314435812571,139.48463132938411,156.24413178027615
2023-12-18,332.7126954768164,143.60085246162654,161.21812973149403
2023-12-19,331.7926969379536,143.07270765071758,161.18902844100694
2023-12-20,330.92579815198127,144.33479418436045,159.15218274301765
2023-12-21,337.09310291399595,146.53537007675604,161.86932817520722
2023-12-22,330.920047709935,147.87893949190112,161.31682086125238
2023-12-23,336.8856823561037,147.53867680088288,156.97275575330173
2023-12-24,334.98087688072604,148.88838763770937,159.9236632482494
2023-12-25,335.8192936267651,149.98645093843413,157.6564289286877
2023-12-26,328.295415704406,151.4742752902353,157.99149450670086
2023-12-27,330.17230787617575,148.14317253260967,156.74641035772206
2023-12-28,340.02879890792417,145.40763658339367,158.06357564665444
2023-12-29,337.8702909464415,142.7056292190091,152.87637395337933
2023-12-30,330.10650400876057,141.58122226198918,151.41901477001485
2023-12-31,330.3766547040694,142.14057224453327,153.63284355822836
